Status,MatchType,VendorName,M2MVendorName,BillVendorId,M2MVendorID,CurrentCompanyName,Applied,Error,Note
Matched,Exact,360 Training,360 TRAINING,00901SGZLFZBAYQ8vgj9,360,,false,Bill.com address incomplete (missing city/zip) and the M2M Excel row has no city/zip to fill it; skipped.,
AlreadySet,Exact,3Chem Corporation,3CHEM,00901GNZBBRSSGU8vgja,3CHEM,3CHEM,,,Existing companyName '3CHEM' kept (would have set '3CHEM').
AlreadySet,Exact,"Abstract Computer Solutions, LLC","ABSTRACT COMPUTER SOLUTIONS, LLC",00901KYAOVNODPN8vd0k,ACSLLC,ACSLLC,,,Existing companyName 'ACSLLC' kept (would have set 'ACSLLC').
Matched,Exact,Ace Hardware,ACE HARDWARE,00901ATYGGVDXAD8vgjp,ACEHA,,false,Bill.com address incomplete (missing city/zip) and the M2M Excel row has no city/zip to fill it; skipped.,
AlreadySet,Exact,Aces Systems Division,ACES SYSTEMS DIVISION,00901VFTGATHNPU8vgjq,ACES,ACES,,,Existing companyName 'ACES' kept (would have set 'ACES').
AlreadySet,Exact,"Acroturn Industries USA, LLC","ACROTURN INDUSTRIES USA, INC",00901CXNUZQMORO8vda1,AIU,AIU,,,Existing companyName 'AIU' kept (would have set 'AIU').
AlreadySet,Exact,Adrian L. Little,ADRIAN L. LITTLE,00901KZEBCIWRVG8vd0m,ALITT,ALITT,,,Existing companyName 'ALITT' kept (would have set 'ALITT').
AlreadySet,Exact,Adtec II Tampa,"ADTEC II TAMPA, LLC",00901RZUKRAGBGK8vd0n,ADTEC,ADTEC,,,Existing companyName 'ADTEC' kept (would have set 'ADTEC').
Matched,Exact,Advance Auto Parts,ADVANCE AUTO PARTS,00901AQKFKTSKZS8vd7q,AAP,,false,Bill.com address incomplete (missing city/zip) and the M2M Excel row has no city/zip to fill it; skipped.,
AlreadySet,Exact,Advanced Powder Coating LLC,ADVANCED POWDER COATING LLC,00901NOSIIFWODX8vd83,AdvPC,AdvPC,,,Existing companyName 'AdvPC' kept (would have set 'AdvPC').
AlreadySet,Exact,Alro Plastics,ALRO PLASTICS,00901OHSWHPUZSP8vdbs,ALROP,ALROP,,,Existing companyName 'ALROP' kept (would have set 'ALROP').
AlreadySet,Exact,Amazon,AMAZON,00901PYBZGFQVCF8vd0t,AMAZ,AMAZ,,,Existing companyName 'AMAZ' kept (would have set 'AMAZ').
AlreadySet,Exact,Amazon Hose and Rubber Company,AMAZON HOSE AND RUBBER COMPANY,00901JXIYFQNPXX8vd0u,AHRC,AHRC,,,Existing companyName 'AHRC' kept (would have set 'AHRC').
AlreadySet,Exact,American Machinery Group,"AMERICAN MACHINERY GROUP, LLC.",00901MEXYTQQZVM8vd53,AWP,AWP,,,Existing companyName 'AWP' kept (would have set 'AWP').
AlreadySet,Exact,"American Metals Supply, Inc.",AMERICAN METALS SUPPLY INC.,00901NLQTYKQEZE8vddm,AMI,AMI,,,Existing companyName 'AMI' kept (would have set 'AMI').
AlreadySet,Exact,AMT CNC Fabrication,AMT CNC FABRICATION,00901OQEZUBAIMR8vd0q,AMTFAB,AMTFAB,,,Existing companyName 'AMTFAB' kept (would have set 'AMTFAB').
AlreadySet,Exact,Applied Technical Services,APPLIED TECHNICAL SERVICES,00901QKBSCUDLUX8vd9o,ATS,ATS,,,Existing companyName 'ATS' kept (would have set 'ATS').
AlreadySet,Exact,APV Manufacturing & Engineering,APV MANUFACTURING & ENGINEERING,00901FJBPWXHLZI8vd0s,APV,APV,,,Existing companyName 'APV' kept (would have set 'APV').
AlreadySet,Exact,ASAP Semiconductors,ASAP SEMICONDUCTORS,00901VWMKHGRWBG8vdbp,ASAP,ASAP,,,Existing companyName 'ASAP' kept (would have set 'ASAP').
Matched,Exact,AutoZone,AUTOZONE,00901IJELZFFFNT8vglr,AZONE,,false,Bill.com address incomplete (missing city/zip) and the M2M Excel row has no city/zip to fill it; skipped.,
AlreadySet,Exact,Bad Boy Blasters,"BAD BOY BLASTERS, INC",00901HWFHZILULG8vglx,BadBoy,BadBoy,,,Existing companyName 'BadBoy' kept (would have set 'BadBoy').
AlreadySet,Exact,Badger Welding,BADGER WELDING,00901NGPKJIAYVD8vdet,BADGER,BADGER,,,Existing companyName 'BADGER' kept (would have set 'BADGER').
AlreadySet,Exact,Barton International,BARTON INTERNATIONAL,00901HGXVULKMMU8vdb8,Barton,Barton,,,Existing companyName 'Barton' kept (would have set 'Barton').
Matched,Exact,Blade Serpent,BLADE SERPENT,00901VVDLDFEQTL8vd12,BLADES,,true,,
Matched,Exact,Boeing Distribution,BOEING DISTRIBUTION,00901BLGCZPMPOG8vgll,Boeing,,false,Bill.com address incomplete (missing city/zip) and the M2M Excel row has no city/zip to fill it; skipped.,
Matched,Exact,Boltdepot.com,BOLTDEPOT.COM,00901CLCCRMKKYW8vglm,BLTDPT,,false,Bill.com address incomplete (missing city/zip) and the M2M Excel row has no city/zip to fill it; skipped.,
AlreadySet,Exact,Boss Laser LLC,BOSS LASER LLC,00901LANFIIQOEY8vd76,boss,boss,,,Existing companyName 'boss' kept (would have set 'boss').
AlreadySet,Exact,Braddock Metallurgical Inc,BRADDOCK METALLURGICAL,00901ELBFEMCWQD8vd0y,BRADDO,BRADDO,,,Existing companyName 'BRADDO' kept (would have set 'BRADDO').
AlreadySet,Exact,Brevard Rigging Supply,BREVARD RIGGING SUPPLY,00901MKASZNUFUO8vd13,BRS,BRS,,,Existing companyName 'BRS' kept (would have set 'BRS').
AlreadySet,Exact,Brown-Campbell Company,BROWN-CAMPBELL COMPANY,00901GTYOIGEXYT8vddh,BCC,BCC,,,Existing companyName 'BCC' kept (would have set 'BCC').
AlreadySet,Exact,"Canon Financial Services, Inc.","CANON FINANCIAL SERVICES, INC.",00901PEZTPSOINL8vde3,CANON,CANON,,,Existing companyName 'CANON' kept (would have set 'CANON').
AlreadySet,Exact,Capital Machine,CAPITAL MACHINE,00901JLYQBFESWO8vd17,CAPMAC,CAPMAC,,,Existing companyName 'CAPMAC' kept (would have set 'CAPMAC').
AlreadySet,Exact,Carr Lane,CARR LANE,00901MIFLDJSHSD8vd18,CL,CL,,,Existing companyName 'CL' kept (would have set 'CL').
AlreadySet,Exact,Caster Technology Corporation,CASTER TECHNOLOGY CORPORATION,00901SQPALLMJYC8vddo,CASTEC,CASTEC,,,Existing companyName 'CASTEC' kept (would have set 'CASTEC').
AlreadySet,Exact,"Celtic Manufacturing, LLC","CELTIC MANUFACTURING, LLC",00901TUUVCETKZN8vddw,Celtic,Celtic,,,Existing companyName 'Celtic' kept (would have set 'Celtic').
AlreadySet,Exact,Chatham Steel,CHATHAM STEEL,00901CSYDHXKFRB8vdd0,CSTL,CSTL,,,Existing companyName 'CSTL' kept (would have set 'CSTL').
AlreadySet,Exact,"CIH Support, LLC",CIH SUPPORT LLC,00901IIMSJAWOIN8vd15,CIHSup,CIHSup,,,Existing companyName 'CIHSup' kept (would have set 'CIHSup').
AlreadySet,Exact,Cintas Corporation,CINTAS,00901SMPHGPPSKG8vddt,CINTAS,CINTAS,,,Existing companyName 'CINTAS' kept (would have set 'CINTAS').
Matched,Exact,Competitive Metals,COMPETITIVE METALS,00901RCBGZQMQWA8vghm,COMPME,,true,,
AlreadySet,Exact,Criterion Calibration Services,"CRITERION CALIBRATION SERVICES, LLC",00901RWKSFHPVLQ8vdd3,CRITER,CRITER,,,Existing companyName 'CRITER' kept (would have set 'CRITER').
AlreadySet,Exact,Crystal Springs,CRYSTAL SPRINGS,00901HNFDTTJPAN8vdag,CRYSPR,CRYSPR,,,Existing companyName 'CRYSPR' kept (would have set 'CRYSPR').
AlreadySet,Exact,CSG Parts,"CSG PARTS, LLC",00901KVHBAVBHOZ8vd1a,CSG,CSG,,,Existing companyName 'CSG' kept (would have set 'CSG').
Matched,Exact,Direct Metals,DIRECT METALS,00901ZYMYRXADVI8vgdv,DM,,true,,
AlreadySet,Exact,DJ Fabrication & Welding,"DJ FABRICATION & WELDING, LLC",00901ZADUEPVYFP8vd1d,DJ,DJ,,,Existing companyName 'DJ' kept (would have set 'DJ').
AlreadySet,Exact,Dutton-Lainson Company,DUTTON-LAINSON COMPANY,00901VUNSXWRLVE8vd19,DUTTON,DUTTON,,,Existing companyName 'DUTTON' kept (would have set 'DUTTON').
Matched,Exact,Eagle National Supply,EAGLE NATIONAL SUPPLY,00901FGXARKCBCL8vgdl,Eagle,,false,Bill.com address incomplete (missing city/zip) and the M2M Excel row has no city/zip to fill it; skipped.,
AlreadySet,Exact,Eastern Metal Supply,EASTERN METAL SUPPLY,00901VYSSCSJLGA8vder,EMS,EMS,,,Existing companyName 'EMS' kept (would have set 'EMS').
AlreadySet,Exact,EasySoft Corporation,EASYSOFT CORPORATION,00901QEOINDJIJT8vge3,ESC,ESC,,,Existing companyName 'ESC' kept (would have set 'ESC').
AlreadySet,Exact,EMF Engineered Components,"EMF ENGINEERED COMPONENTS, LLC",00901PJXUMJDQMD8vd56,EMF,EMF,,,Existing companyName 'EMF' kept (would have set 'EMF').
AlreadySet,Exact,Empire Abrasives,EMPIRE ABRASIVES,00901TDQYZKWDWT8vgfg,EmpAb,EmpAb,,,Existing companyName 'EmpAb' kept (would have set 'EmpAb').
Matched,Exact,Empire Rigging,EMPIRE RIGGING,00901NPRMMNQQTI8vgfh,EmpRig,,false,Bill.com address incomplete (missing city/zip) and the M2M Excel row has no city/zip to fill it; skipped.,
AlreadySet,Exact,"Environmental Marketing Services, LLC",ENVIRONMENTAL MARKETING SERVICES,00901CHWUVQFCKY8vd7d,ENVMKT,ENVMKT,,,Existing companyName 'ENVMKT' kept (would have set 'ENVMKT').
AlreadySet,Exact,Epicor,EPICOR,00901KPHYVFVJYT8vddn,EPCOR,EPCOR,,,Existing companyName 'EPCOR' kept (would have set 'EPCOR').
Matched,Exact,E-Replacement Parts,E-REPLACEMENT PARTS,00901IGJEWWFSJB8vgd4,erp,,true,,
AlreadySet,Exact,Evolution Power Tools Ltd.,EVOLUTION POWER TOOLS,00901LBYWYPWWKZ8vggi,EvoPT,EvoPT,,,Existing companyName 'EvoPT' kept (would have set 'EvoPT').
AlreadySet,Exact,"Excell Coatings, Inc.","EXCELL COATINGS, INC.",00901OTCHUHLFBL8vd1n,ECI,ECI,,,Existing companyName 'ECI' kept (would have set 'ECI').
AlreadySet,Exact,Exostar LLC,EXOSTAR LLC,00901LOELQBIRVD8vd8k,EXOS,EXOS,,,Existing companyName 'EXOS' kept (would have set 'EXOS').
AlreadySet,Exact,Fastenal,FASTENAL,00901ZCAXVOTPID8vddl,FASTEN,FASTEN,,,Existing companyName 'FASTEN' kept (would have set 'FASTEN').
AlreadySet,Exact,Fixtureworks,FIXTUREWORKS,00901RURMPXVHLP8vd21,FIXT,FIXT,,,Existing companyName 'FIXT' kept (would have set 'FIXT').
AlreadySet,Exact,Flexible Lifeline Systems,"FLEXIBLE LIFELINE SYSTEMS, INC.",00901HXMCDOFPKE8vd22,FLS,FLS,,,Existing companyName 'FLS' kept (would have set 'FLS').
AlreadySet,Exact,Florida Department of Revenue,FLORIDA DEPARTMENT OF REVENUE,00901DCJAZNKIUR8vdbz,FDR,FDR,,,Existing companyName 'FDR' kept (would have set 'FDR').
AlreadySet,Exact,Florida Department of State,FLORIDA DEPARTMENT OF STATE,00901HNZZLNYFPZ8vd1t,FDS,FDS,,,Existing companyName 'FDS' kept (would have set 'FDS').
AlreadySet,Exact,Florida Lift Gas,FLORIDA LIFT GAS,00901HWIFFAEHNS8vdfa,flg,flg,,,Existing companyName 'flg' kept (would have set 'flg').
AlreadySet,Exact,Florida Metal Craft,"FLORIDA METAL CRAFT, INC",00901BJXZGFANVZ8vd1w,FLMETC,FLMETC,,,Existing companyName 'FLMETC' kept (would have set 'FLMETC').
AlreadySet,Exact,Freight Quote.com,FREIGHT QUOTE.COM,00901TTZVGTQHTB8vd1u,FQ,FQ,,,Existing companyName 'FQ' kept (would have set 'FQ').
Matched,Exact,Globalindustrial.com,GLOBALINDUSTRIAL.COM,00901QWHTLIYUUQ8vgi5,GLOBAL,,true,,
AlreadySet,Exact,GMA Americas,GMA AMERICAS,00901LPMOZPWHEA8vd20,GMA,GMA,,,Existing companyName 'GMA' kept (would have set 'GMA').
AlreadySet,Exact,Gordon Electric Supply,"GORDON ELECTRIC SUPPLY, INC.",00901KSLETCELBJ8vd1y,Gordon,Gordon,,,Existing companyName 'Gordon' kept (would have set 'Gordon').
AlreadySet,Exact,"Grainger, Inc.","GRAINGER, INC.",00901ITESRUSGUD8vddp,GI,GI,,,Existing companyName 'GI' kept (would have set 'GI').
AlreadySet,Exact,"Grizzly Industrial, Inc.",GRIZZLY INDUSTRIAL,00901EHUUQYGXPA8vdbr,GRIZIN,GRIZIN,,,Existing companyName 'GRIZIN' kept (would have set 'GRIZIN').
Matched,Exact,Guden,GUDEN,00901MWZBIPYTTH8vd4r,Guden,,true,,
AlreadySet,Exact,Harbor Freight,HARBOR FREIGHT,00901GKYQMXZVHM8vd2d,HF,HF,,,Existing companyName 'HF' kept (would have set 'HF').
AlreadySet,Exact,Herc Rentals,HERC RENTALS,00901CXBDXCSFWW8vd87,Herc,Herc,,,Existing companyName 'Herc' kept (would have set 'Herc').
AlreadySet,Exact,"Hexagon Manufacturing Intelligence, Inc.",HEXAGON MANUFACTURING INTELLIGENCE,00901KBQYQIGUAA8vdcw,HEXAGO,HEXAGO,,,Existing companyName 'HEXAGO' kept (would have set 'HEXAGO').
AlreadySet,Exact,Hirebotics,HIREBOTICS,00901YUDVROMTQB8vdf4,HIRBOT,HIRBOT,,,Existing companyName 'HIRBOT' kept (would have set 'HIRBOT').
Matched,Exact,Hobby Lobby,HOBBY LOBBY,00901DGFDUPFCAZ8vgej,HL,,false,Bill.com address incomplete (missing city/zip) and the M2M Excel row has no city/zip to fill it; skipped.,
Matched,Exact,Home Depot,HOME DEPOT,00901FPPNORCSCQ8vd26,HDEP,,true,,
AlreadySet,Exact,Hugg & Hall Equipment,HUGG & HALL EQUIPMENT CO,00901EIUWSGOCNC8vd8y,H&H,H&H,,,Existing companyName 'H&H' kept (would have set 'H&H').
AlreadySet,Exact,Hydracheck,HYDRACHECK INC,00901AZCHESIQWB8vgfs,HYDCHE,HYDCHE,,,Existing companyName 'HYDCHE' kept (would have set 'HYDCHE').
AlreadySet,Exact,Hydradyne,HYDRADYNE,00901LOFIITYGZH8vgft,Hydrad,Hydrad,,,Existing companyName 'Hydrad' kept (would have set 'Hydrad').
AlreadySet,Exact,Hydrasearch,HYDRASEARCH,00901VAHVTBQMUX8vd28,Hydra,Hydra,,,Existing companyName 'Hydra' kept (would have set 'Hydra').
AlreadySet,Exact,Igus Inc.,IGUS,00901CQERWSSSNN8vd8w,IGUS,IGUS,,,Existing companyName 'IGUS' kept (would have set 'IGUS').
Matched,Exact,Industrial Depot,INDUSTRIAL DEPOT,00901ZWLPYDUCHU8vggv,ID,,true,,
AlreadySet,Exact,Inspection Xpert,INSPECTION XPERT,00901SBZVFXMVPJ8vd5x,INSPEX,INSPEX,,,Existing companyName 'INSPEX' kept (would have set 'INSPEX').
AlreadySet,Exact,Insurance Office of America,INSURANCE OFFICE OF AMERICA,00901MJWCNQZQDZ8vdbh,IOA,IOA,,,Existing companyName 'IOA' kept (would have set 'IOA').
AlreadySet,Exact,Internal Revenue Service,INTERNAL REVENUE SERVICE,00901JWJBGCFVBK8vd2i,IRS,IRS,,,Existing companyName 'IRS' kept (would have set 'IRS').
AlreadySet,Exact,J. Herbert Corporation,J. HERBERT CORPORATION,00901ZLKAAEHRTS8vd93,JHerb,JHerb,,,Existing companyName 'JHerb' kept (would have set 'JHerb').
AlreadySet,Exact,James Little,JAMES LITTLE,00901ISCNRRKEPB8vd77,JLITT,JLITT,,,Existing companyName 'JLITT' kept (would have set 'JLITT').
AlreadySet,Exact,Johnson Supply Company,JOHNSON SUPPLY COMPANY,00901GSEISIMGUJ8vgiy,JSC,JSC,,,Existing companyName 'JSC' kept (would have set 'JSC').
AlreadySet,Exact,Joyce/Dayton Corp.,JOYCE/DAYTON CORP.,00901HFTNLSRWFV8vdck,JDC,JDC,,,Existing companyName 'JDC' kept (would have set 'JDC').
AlreadySet,Exact,"Katy Equipment,Inc","KATY EQUIPMENT, INC.",00901GJYBGOBGCZ8vd7e,Katy,Katy,,,Existing companyName 'Katy' kept (would have set 'Katy').
AlreadySet,Exact,KCE Force Lift Service,KCE FORCE LIFT SERVICE,00901YXFRYLJCXS8vddz,KCE,KCE,,,Existing companyName 'KCE' kept (would have set 'KCE').
Matched,Exact,Kinematics,KINEMATICS,00901ABAOZGYFXQ8vgdi,KINEMA,,true,,
AlreadySet,Exact,King of Freight,KING OF FREIGHT,00901SHLEXFQOHO8vdcf,KofF,KofF,,,Existing companyName 'KofF' kept (would have set 'KofF').
AlreadySet,Exact,Knight Global,KNIGHT GLOBAL,00901BZPWJFLSJT8vgdw,Knight,Knight,,,Existing companyName 'Knight' kept (would have set 'Knight').
AlreadySet,Exact,Larson Electronics*,"LARSON ELECTRONICS, LLC",00901HOCMOEQLKM8vdes,LELLC,LELLC,,,Existing companyName 'LELLC' kept (would have set 'LELLC').
AlreadySet,Exact,Lavi Industries,LAVI INDUSTRIES,00901DIQKZXBQCJ8vd82,Lavi,Lavi,,,Existing companyName 'Lavi' kept (would have set 'Lavi').
Matched,Exact,Lowe's,LOWE'S,00901YCHDMZNDEW8vd2n,LOWES,,true,,
AlreadySet,Exact,Lynn Welding,LYNN WELDING,00901CWDLWRSOQY8vd2o,Lynn,Lynn,,,Existing companyName 'Lynn' kept (would have set 'Lynn').
AlreadySet,Exact,Mag Welding,MAG WELDING LLC,00901TMNUPACKTB8vd2p,MAGWLD,MAGWLD,,,Existing companyName 'MAGWLD' kept (would have set 'MAGWLD').
AlreadySet,Exact,Mark Gerard Machine,"MARK GERARD MACHINE, INC",00901VZGWESHLSV8vd2x,MarkG,MarkG,,,Existing companyName 'MarkG' kept (would have set 'MarkG').
AlreadySet,Exact,Matheson Tri-Gas Inc.,MATHESON TRI-GAS INC.,00901JFJJREZKAZ8vdcv,MTGI,MTGI,,,Existing companyName 'MTGI' kept (would have set 'MTGI').
AlreadySet,Exact,Mazak Corporation,MAZAK,00901YAXVIECYZO8vdd5,Mazak,Mazak,,,Existing companyName 'Mazak' kept (would have set 'Mazak').
AlreadySet,Exact,MB Machine,"MB MACHINE, LLC",00901UTVJCMZQCP8vd2z,MBMach,MBMach,,,Existing companyName 'MBMach' kept (would have set 'MBMach').
AlreadySet,Exact,McMaster-Carr,MCMASTER-CARR,00901RYAKVNXFSN8vde7,MC,MC,,,Existing companyName 'MC' kept (would have set 'MC').
AlreadySet,Exact,Metnology,METNOLOGY,00901ASNGMVDNEV8vdf3,metno,metno,,,Existing companyName 'metno' kept (would have set 'metno').
AlreadySet,Exact,MF Supply,MF SUPPLY,00901FIDBLMYZRE8vd00,MF,MF,,,Existing companyName 'MF' kept (would have set 'MF').
AlreadySet,Exact,Military-Fasteners,MILITARY-FASTENERS,00901XKENKZZSMK8vd05,MILFAS,MILFAS,,,Existing companyName 'MILFAS' kept (would have set 'MILFAS').
AlreadySet,Exact,Miller/Motion,MILLER/MOTION,00901SVVYYPGXOX8vd2w,MOTION,MOTION,,,Existing companyName 'MOTION' kept (would have set 'MOTION').
AlreadySet,Exact,MSC/J&L Industrial,MSC/J&L INDUSTRIAL,00901OYWQSGVNSM8vd5b,MSC,MSC,,,Existing companyName 'MSC' kept (would have set 'MSC').
AlreadySet,Exact,N.T. Ruddock Company,N.T. RUDDOCK,00901OQICOXHZNM8vd2u,NTRUD,NTRUD,,,Existing companyName 'NTRUD' kept (would have set 'NTRUD').
AlreadySet,Exact,NJC Machine Co.,NJC MACHINE CO.,00901NRTYPBPNDU8vd32,NJC,NJC,,,Existing companyName 'NJC' kept (would have set 'NJC').
AlreadySet,Exact,Northern Tool,NORTHERN TOOL,00901ZXMIKGXBSC8vd33,NTOOL,NTOOL,,,Existing companyName 'NTOOL' kept (would have set 'NTOOL').
AlreadySet,Exact,"Northwest Rubber Extruders, Inc.","NORTHWEST RUBBER EXTRUDERS, INC.",00901GIVWXVOXNT8vd61,NWRE,NWRE,,,Existing companyName 'NWRE' kept (would have set 'NWRE').
Matched,Exact,Office Depot,OFFICE DEPOT,00901RXXOUGFVEX8vd35,ODEPO,,true,,
AlreadySet,Exact,Orange County Comptroller,ORANGE COUNTY COMPTROLLER,00901ORCTFLXIXI8vd5d,OCC,OCC,,,Existing companyName 'OCC' kept (would have set 'OCC').
AlreadySet,Exact,Orange County Tax Collector,ORANGE COUNTY TAX COLLECTOR,00901BKJFACQDCQ8vd36,OCTC,OCTC,,,Existing companyName 'OCTC' kept (would have set 'OCTC').
AlreadySet,Exact,Orange County Utilities,ORANGE COUNTY UTILITIES,00901DTJAWPEUYS8vd8q,OCU,OCU,,,Existing companyName 'OCU' kept (would have set 'OCU').
AlreadySet,Exact,Palmer Electric,PALMER ELECTRIC COMPANY,00901GNBIWSSWJW8vdf6,Palmer,Palmer,,,Existing companyName 'Palmer' kept (would have set 'Palmer').
AlreadySet,Exact,Paylocity,PAYLOCITY,00901ZOGVLWBIRJ8vdej,pay,pay,,,Existing companyName 'pay' kept (would have set 'pay').
AlreadySet,Exact,PE Manufacturing,PE MANUFACTURING,00901AUUBZWJTMK8vd3a,PEMFG,PEMFG,,,Existing companyName 'PEMFG' kept (would have set 'PEMFG').
AlreadySet,Exact,"PeopleReady Florida, Inc.","PEOPLEREADY FLORIDA,INC.",00901COONDLZUVL8vdc4,PEOPLE,PEOPLE,,,Existing companyName 'PEOPLE' kept (would have set 'PEOPLE').
AlreadySet,Exact,Performance Powder Coating,PERFORMANCE POWDER COATING,00901QXYUAQVXHS8vd7w,PPC,PPC,,,Existing companyName 'PPC' kept (would have set 'PPC').
AlreadySet,Exact,PGI Steel,PGI STEEL,00901CGHDRVFNRI8vd8h,PGIS,PGIS,,,Existing companyName 'PGIS' kept (would have set 'PGIS').
AlreadySet,Exact,Phoenix Metals,PHOENIX METALS,00901IZNOJOQJKW8vdbe,PHOMET,PHOMET,,,Existing companyName 'PHOMET' kept (would have set 'PHOMET').
AlreadySet,Exact,Powder Addiction,POWDER ADDICTION,00901CMQNNPIEXK8vddf,PADCT,PADCT,,,Existing companyName 'PADCT' kept (would have set 'PADCT').
AlreadySet,Exact,"Precise Barrels, LLC.","PRECISE BARRELS, LLC",00901FKNXMJRBUE8vd3h,PRECIB,PRECIB,,,Existing companyName 'PRECIB' kept (would have set 'PRECIB').
AlreadySet,Exact,R.S. Hughes,R.S. HUGHES,00901BZSWPVMGMF8vd3d,RSHUS,RSHUS,,,Existing companyName 'RSHUS' kept (would have set 'RSHUS').
AlreadySet,Exact,Reliable Hardware,RELIABLE HARDWARE,00901HICUDWKNFB8vd3g,RELIAB,RELIAB,,,Existing companyName 'RELIAB' kept (would have set 'RELIAB').
AlreadySet,Exact,Ring Power Corp.,RING POWER,00901IOEFMRLRZP8vdbb,RINGP,RINGP,,,Existing companyName 'RINGP' kept (would have set 'RINGP').
AlreadySet,Exact,Safety-Kleen,SAFETY-KLEEN,00901VZRVUTSRLN8vdb7,SKLEEN,SKLEEN,,,Existing companyName 'SKLEEN' kept (would have set 'SKLEEN').
AlreadySet,Exact,Seminole Metal Finishing,SEMINOLE METAL FINISHING,00901AODTWLUJOK8vdf2,SEMFIN,SEMFIN,,,Existing companyName 'SEMFIN' kept (would have set 'SEMFIN').
AlreadySet,Exact,"Servtronics, Inc","SERVTRONICS, INC",00901JMQXASDYUA8vd5h,SINC,SINC,,,Existing companyName 'SINC' kept (would have set 'SINC').
AlreadySet,Exact,Sherwin Williams Paint,SHERWIN WILLIAMS PAINT,00901EZKLKCHFXZ8vddb,SWP,SWP,,,Existing companyName 'SWP' kept (would have set 'SWP').
AlreadySet,Exact,Sky Geek,SKY GEEK,00901XCTDCNCDYC8vd3s,SGEEK,SGEEK,,,Existing companyName 'SGEEK' kept (would have set 'SGEEK').
AlreadySet,Exact,Solberg Manufacturing,SOLBERG MANUFACTURING,00901SBTDZLKJKY8vd6n,SOLMFG,SOLMFG,,,Existing companyName 'SOLMFG' kept (would have set 'SOLMFG').
AlreadySet,Exact,Southern States Toyota Lift,SOUTHERN STATES TOYOTA LIFT,00901ZNXMLNVJUM8vde8,SSLIFT,SSLIFT,,,Existing companyName 'SSLIFT' kept (would have set 'SSLIFT').
Matched,Exact,Stanley Steemer,STANLEY STEEMER,00901HAXVAYLWNM8vd45,STANST,,true,,
Matched,Exact,Staples,STAPLES,00901QEVAGHUXFY8vd46,STAP,,true,,
AlreadySet,Exact,Sunbelt Rentals Inc,SUNBELT RENTALS. INC,00901XKYLTVUVQD8vdc3,SUNBLT,SUNBLT,,,Existing companyName 'SUNBLT' kept (would have set 'SUNBLT').
AlreadySet,Exact,Sunstate Equipment Co.,SUNSTATE EQUIPMENT,00901JNDYSMUCMY8vd91,SUNST,SUNST,,,Existing companyName 'SUNST' kept (would have set 'SUNST').
AlreadySet,Exact,Synergy Equipment,SYNERGY EQUIPMENT,00901SPSJKJIJUC8vdcj,SYNEQP,SYNEQP,,,Existing companyName 'SYNEQP' kept (would have set 'SYNEQP').
AlreadySet,Exact,Syntime Metal & Plastic Products,SYNTIME METAL & PLASTIC PRODUCTS CO,00901GPNCOGMGGF8vd02,SYNTIM,SYNTIM,,,Existing companyName 'SYNTIM' kept (would have set 'SYNTIM').
AlreadySet,Exact,Tampa Bay Steel,TAMPA BAY STEEL,00901DFKWTHQGZS8vdd7,TBS,TBS,,,Existing companyName 'TBS' kept (would have set 'TBS').
AlreadySet,Exact,Texas First Rentals,TEXAS FIRST RENTALS,00901UYIBVZWNKG8vd3y,TEXFIR,TEXFIR,,,Existing companyName 'TEXFIR' kept (would have set 'TEXFIR').
AlreadySet,Exact,TexTrail,TEXTRAIL,00901WXFNEZKCPY8vd3z,TEXTRA,TEXTRA,,,Existing companyName 'TEXTRA' kept (would have set 'TEXTRA').
AlreadySet,Exact,Textron Aviation Inc.,TEXTRON AVIATION INC.,00901NJLSXEMEKA8vd40,TEXTRO,TEXTRO,,,Existing companyName 'TEXTRO' kept (would have set 'TEXTRO').
Matched,Exact,Torchstar Lighting,TORCHSTAR LIGHTING,00901WWWALXZYSL8vd0e,Torch,,false,Bill.com address incomplete (missing city/zip) and the M2M Excel row has no city/zip to fill it; skipped.,
Matched,Exact,Trick Tools,TRICK-TOOLS,00901NGTJYAEZRQ8vd5r,TRICK,,true,,
AlreadySet,Exact,Tychon,"TYCHON, INC",00901QNKWSUCBDF8vd4a,Tychon,Tychon,,,Existing companyName 'Tychon' kept (would have set 'Tychon').
AlreadySet,Exact,Uline,ULINE,00901ORJXWKZNHK8vdds,ULINE,ULINE,,,Existing companyName 'ULINE' kept (would have set 'ULINE').
AlreadySet,Exact,Unishippers,"UNISHIPPERS, LLC",00901DYHMDOBENA8vd84,UNISHI,UNISHI,,,Existing companyName 'UNISHI' kept (would have set 'UNISHI').
AlreadySet,Exact,Universal Tool Engineering,UNIVERSAL TOOL & ENGINEERING,00901OWMHINVTRD8vddi,UTE,UTE,,,Existing companyName 'UTE' kept (would have set 'UTE').
AlreadySet,Exact,US Logistics,US LOGISTICS,00901CGNFJLVRDQ8vdbx,USLog,USLog,,,Existing companyName 'USLog' kept (would have set 'USLog').
AlreadySet,Exact,USAnchor,USANCHOR LLC,00901UJZVPQESZD8vd5i,USAnch,USAnch,,,Existing companyName 'USAnch' kept (would have set 'USAnch').
AlreadySet,Exact,"Versa Integrity Group, Inc.","VERSA INTEGRITY GROUP, INC.",00901IMAUAMIWOE8vd4e,VIGI,VIGI,,,Existing companyName 'VIGI' kept (would have set 'VIGI').
AlreadySet,Exact,Westbrook,WESTBROOK,00901GRZKDTWLDU8vde0,WB,WB,,,Existing companyName 'WB' kept (would have set 'WB').
AlreadySet,Exact,Windsor Metal Finishing,WINDSOR METAL FINISHING,00901PSHLOWCLNY8vd4j,WINDMF,WINDMF,,,Existing companyName 'WINDMF' kept (would have set 'WINDMF').
AlreadySet,Exact,Xometry Inc.,XOMETRY INC.,00901KWUZIKYNFW8vd8m,XOM,XOM,,,Existing companyName 'XOM' kept (would have set 'XOM').
AlreadySet,Exact,Zoro Tools*,ZORO TOOLS,00901OBDSSNBSEI8vde5,ZOROT,ZOROT,,,Existing companyName 'ZOROT' kept (would have set 'ZOROT').
AlreadySet,Exact,Four Arrows Marketing LLC,Four Arrows Marketing,00901LCEQFUXSRV8vdau,001251,001251,,,Existing companyName '001251' kept (would have set '001251').
AlreadySet,Exact,KUL Office Furniture,KUL Office Furniture,00901UGFBCSFBLJ8vdbc,001252,001252,,,Existing companyName '001252' kept (would have set '001252').
AlreadySet,Exact,Metro Steel,Metro Steel,00901ZZNUDYJOQR8vdce,001254,001254,,,Existing companyName '001254' kept (would have set '001254').
AlreadySet,Exact,Bevel Corporation,Bevel Corporation,00901QNTMJTVCNV8vdb3,001256,001256,,,Existing companyName '001256' kept (would have set '001256').
Matched,Exact,Epco,EPCO,00901ACKUZBZLTC8vda3,001257,,true,,
AlreadySet,Exact,FFVA Mutual Insurance Company,FFVA Mutual Insurance Co.,00901JKTBZYKCEZ8vdb2,FFVA,FFVA,,,Existing companyName 'FFVA' kept (would have set 'FFVA').
AlreadySet,Exact,HRthought,HRthought,00901FSKXEMMJAX8vde2,HRTH,HRTH,,,Existing companyName 'HRTH' kept (would have set 'HRTH').
AlreadySet,Exact,Weldtest Services,"Weldtest Services, LLC",00901VKRPUTJDSG8vde4,WTS,WTS,,,Existing companyName 'WTS' kept (would have set 'WTS').
Matched,Exact,Elite Metal Finishing,Elite Metal Finishing,00901XYJGMIVJTT8vddv,001265,,true,,
Matched,Exact,Bescutter,Bescutter,00901PVVRVEHWZU8vdai,001266,,true,,
AlreadySet,Exact,Andy's Garage Door LLC,Andy's Garage Door LLC,00901XMLMLTJLLG8vdbg,001267,001267,,,Existing companyName '001267' kept (would have set '001267').
Matched,Exact,Fedex,FedEx,00901CNIMSXOEFG8vd1q,001268,,false,Bill.com address incomplete (missing city/zip) and the M2M Excel row has no city/zip to fill it; skipped.,
Matched,Exact,The Rust Store,The Rust Store,00901DOMLAJYUMM8vdat,001269,,true,,
AlreadySet,Exact,Qualified Machine Shop,Qualified Machine Shop,00901WIGJXPTSEL8vddu,001270,001270,,,Existing companyName '001270' kept (would have set '001270').
AlreadySet,Exact,Boyens Machining Inc.,Boyens Machining Inc,00901LBHYHAANFH8vdcm,001271,001271,,,Existing companyName '001271' kept (would have set '001271').
AlreadySet,Exact,1cutfab,1CutFab,00901FBTVFIZPRX8vdcl,001272,001272,,,Existing companyName '001272' kept (would have set '001272').
AlreadySet,Exact,"AirGas USA, LLC","Airgas USA, LLC",00901MBKJEXPSMA8vdcz,001273,001273,,,Existing companyName '001273' kept (would have set '001273').
AlreadySet,Exact,Riteway Brake Dies Inc,Riteway Brake Dies Inc,00901WAABYBIKSL8vdct,001274,001274,,,Existing companyName '001274' kept (would have set '001274').
AlreadySet,Exact,McNichols Company,McNichols,00901FBERMWFUPD8vddk,001276,001276,,,Existing companyName '001276' kept (would have set '001276').
AlreadySet,Exact,Elite Metal Tools,Elite Metal Tools,00901XJVWHPHTIE8vdcb,001279,001279,,,Existing companyName '001279' kept (would have set '001279').
AlreadySet,Exact,LEX Engineering,LEX Engineering,00901NJOKKJCTFD8vdf7,001283,001283,,,Existing companyName '001283' kept (would have set '001283').
AlreadySet,Exact,A&M Fire and Safety Equipment LLC,A&M Fire and Safety Equipment LLC,00901XXULHPVDAQ8vdde,001284,001284,,,Existing companyName '001284' kept (would have set '001284').
AlreadySet,Exact,Jennifer Poitier,Jennifer Poitier,00901RDPUGQFFEH8vdex,001285,001285,,,Existing companyName '001285' kept (would have set '001285').
AlreadySet,Exact,Contractors Tool Service,Contractors Tool Service,00901JCZDRNDYCJ8vdcp,001288,001288,,,Existing companyName '001288' kept (would have set '001288').
AlreadySet,Exact,Hydrafil,Hydrafil,00901ZINHJYCSKA8vdeo,001292,001292,,,Existing companyName '001292' kept (would have set '001292').
AlreadySet,Exact,Primo Brands,Primo Brands,00901LKJBUHPFGK8vde9,001295,001295,,,Existing companyName '001295' kept (would have set '001295').
AlreadySet,Exact,Playbook Digital Solutions LLC,Playbook Digital Solutions,00901ORMTBGJIJF8vddq,001296,001296,,,Existing companyName '001296' kept (would have set '001296').
AlreadySet,Exact,NDE ADVANCED SERVICES LLC,NDE Advanced Services,00901MLOPTEBHOQ8vdd9,001298,001298,,,Existing companyName '001298' kept (would have set '001298').
Matched,Relaxed,5sSupplies.com,5SSUPPLIES,00901PYHJVABBDW8vgjh,5SSup,,false,Bill.com address incomplete (missing city/zip) and the M2M Excel row has no city/zip to fill it; skipped.,
Unmatched,Exact,8020.COM,8020.COM,,8020,,,,No Bill.com vendor name matched (exact or relaxed).
Unmatched,Exact,ABSCO INDUSTRIAL WEIGHING & EQUIP,ABSCO INDUSTRIAL WEIGHING & EQUIP,,ABSCO,,,,No Bill.com vendor name matched (exact or relaxed).
Unmatched,Exact,ACCUSIZE INDUSTRIAL TOOLS,ACCUSIZE INDUSTRIAL TOOLS,,ACCUSZ,,,,No Bill.com vendor name matched (exact or relaxed).
Matched,Relaxed,AccuStream Sales and Service,ACCUSTREAM,00901QTPFLPZYTS8vgjo,AccuS,,true,,
Matched,Relaxed,AeroBase,AEROBASE GROUP,00901IFPTRAPDNL8vgkc,AEROBA,,true,,
Matched,Relaxed,All Valley Hose & Industrial Supply,ALL VALLEY HOSE,00901CIXXAQOMVZ8vgkp,ALLVAL,,true,,
Unmatched,Exact,ALLPRORIGGING.COM,ALLPRORIGGING.COM,,APRIG,,,,No Bill.com vendor name matched (exact or relaxed).
Unmatched,Exact,ALRO METAL,ALRO METAL,,AM,,,,No Bill.com vendor name matched (exact or relaxed).
Matched,Relaxed,AWG American Welding & Gas,AMERICAN WELDING & GAS,00901LRINXULUXG8vdbj,AWG,,true,,
Unmatched,Exact,AMERIGAS,AMERIGAS,,AMGAS,,,,No Bill.com vendor name matched (exact or relaxed).
Unmatched,Exact,ASCO MACHINE,ASCO MACHINE,,ASCO,,,,No Bill.com vendor name matched (exact or relaxed).
Unmatched,Exact,AUGULETTO CUSTOM UPHOLSTERY INC.,AUGULETTO CUSTOM UPHOLSTERY INC.,,AUGULE,,,,No Bill.com vendor name matched (exact or relaxed).
Matched,Relaxed,"Baileigh Industrial Holdings, LLC",BAILEIGH INDUSTRIAL HOLDINGSLLC,00901PHMYOKTAEV8vd0z,Bail,,true,,
Unmatched,Exact,BOOTHFILLTERSTORE.COM,BOOTHFILLTERSTORE.COM,,booth,,,,No Bill.com vendor name matched (exact or relaxed).
Unmatched,Exact,BRP MANUFACTURING COMPANY,BRP MANUFACTURING COMPANY,,BRPMAN,,,,No Bill.com vendor name matched (exact or relaxed).
Matched,Relaxed,BT Cable Ties and More,CABLE TIES AND MORE,00901QINZPQTJHP8vd7f,CTAM,,false,Bill.com address incomplete (missing city/zip) and the M2M Excel row has no city/zip to fill it; skipped.,
Unmatched,Exact,CABLEMASTER,CABLEMASTER,,CM,,,,No Bill.com vendor name matched (exact or relaxed).
Unmatched,Exact,CAMCODE,CAMCODE,,CAMCOD,,,,No Bill.com vendor name matched (exact or relaxed).
Unmatched,Exact,CARBIDE & DIAMOND TOOLING,CARBIDE & DIAMOND TOOLING,,cdtool,,,,No Bill.com vendor name matched (exact or relaxed).
Unmatched,Exact,"CASTER CONCEPTS, INC.","CASTER CONCEPTS, INC.",,CCI,,,,No Bill.com vendor name matched (exact or relaxed).
Unmatched,Exact,CASTER DEPOT,CASTER DEPOT,,Cast,,,,No Bill.com vendor name matched (exact or relaxed).
Unmatched,Exact,CDTOOLING.COM,CDTOOLING.COM,,CDT,,,,No Bill.com vendor name matched (exact or relaxed).
Unmatched,Exact,CERTIFIED METAL FINISHING INC.,CERTIFIED METAL FINISHING INC.,,CMF,,,,No Bill.com vendor name matched (exact or relaxed).
Unmatched,Exact,CERTIFIED SLING & SUPPLY,CERTIFIED SLING & SUPPLY,,CSling,,,,No Bill.com vendor name matched (exact or relaxed).
Unmatched,Exact,CITRUS SAND BLAST,CITRUS SAND BLAST,,CITRUS,,,,No Bill.com vendor name matched (exact or relaxed).
Ambiguous,Relaxed,CRATERS & FREIGHTERS OF ORLANDO,CRATERS & FREIGHTERS OF ORLANDO,,CF,,,,2 Bill.com vendors plausibly match by relaxed name; City/Zip did not resolve a single match.
Matched,Relaxed,CyberWeld,CYBERWELD.COM,00901LUQUOISOIC8vd1b,CYBW,,false,Bill.com address incomplete (missing city/zip) and the M2M Excel row has no city/zip to fill it; skipped.,
Matched,Relaxed,Dake Corporation,DAKE CORPORTATION,00901BIRLUGSRGL8vgdt,Dake,,true,,
Unmatched,Exact,DKHARDWARE,DKHARDWARE,,DKH,,,,No Bill.com vendor name matched (exact or relaxed).
Matched,Relaxed,Doudney Sheet Metal,DOUDNEY SHEET METAL WORKS,00901PRLNZXTKBT8vdci,DOUDSM,,true,,
Unmatched,Exact,DYNAMIC NDT,DYNAMIC NDT,,DYNNDT,,,,No Bill.com vendor name matched (exact or relaxed).
Unmatched,Exact,EAGLE QUALITY COMPONENTS,EAGLE QUALITY COMPONENTS,,EQC,,,,No Bill.com vendor name matched (exact or relaxed).
Unmatched,Exact,EARL K. WOOD ORANGE CTY TAX COLLECT,EARL K. WOOD ORANGE CTY TAX COLLECT,,TAXCOL,,,,No Bill.com vendor name matched (exact or relaxed).
Unmatched,Exact,EARL M JORGENSEN COMPANY,EARL M JORGENSEN COMPANY,,emj,,,,No Bill.com vendor name matched (exact or relaxed).
Matched,Relaxed,Ebay Vendor,EBAY,00901CTNREGIFEG8vd1l,EBAY,,false,Bill.com address incomplete (missing city/zip) and the M2M Excel row has no city/zip to fill it; skipped.,
Matched,Relaxed,Electric Automation,ELECTRIC AUTOMATION NETWORK,00901YISMZYMCKB8vggg,ELEAUT,,false,Bill.com address incomplete (missing city/zip) and the M2M Excel row has no city/zip to fill it; skipped.,
Unmatched,Exact,ELECTRIC BARGAIN STORE,ELECTRIC BARGAIN STORE,,EBS,,,,No Bill.com vendor name matched (exact or relaxed).
Matched,Relaxed,E-Sector,E-SECTOR MACHINING & FABRICATION,00901OOTFZPWJAD8vdb9,E-SECT,,true,,
Matched,Relaxed,ETrailer.com,ETRAILER,00901UHGFNAPEVQ8vggh,ETRAIL,,true,,
Unmatched,Exact,FED-SPECS,FED-SPECS,,FEDSPC,,,,No Bill.com vendor name matched (exact or relaxed).
Unmatched,Exact,FIXTURE WORKS,FIXTURE WORKS,,FIXWRK,,,,No Bill.com vendor name matched (exact or relaxed).
Matched,Relaxed,Florida Metallizing Services,FLORIDA METALLIZING SERVICE INC,00901ELLVIBHIUL8vd0g,FMSI,,true,,
Unmatched,Exact,GALESBURG ELECTRICAL,GALESBURG ELECTRICAL,,GALESB,,,,No Bill.com vendor name matched (exact or relaxed).
Matched,Relaxed,GMA Garnet USA Corp,GMA GARNET,00901BFVYLOZUNU8vgi7,GMAG,,true,,
Unmatched,Exact,GOVETS.COM,GOVETS.COM,,GoVets,,,,No Bill.com vendor name matched (exact or relaxed).
Unmatched,Exact,HAISSTRONICA,HAISSTRONICA,,HAISST,,,,No Bill.com vendor name matched (exact or relaxed).
Unmatched,Exact,HANES SUPPLY INC,HANES SUPPLY INC,,HSI,,,,No Bill.com vendor name matched (exact or relaxed).
Unmatched,Exact,"HARCOURT INDUSTRIAL, INC","HARCOURT INDUSTRIAL, INC",,HI,,,,No Bill.com vendor name matched (exact or relaxed).
Matched,Relaxed,Synergy Metal Finishing,INCERTEC (SYNERGY METAL FINISHING),00901WOVFBYOUIC8vd3v,SMF,,true,,
Unmatched,Exact,"ISO GROUP, INC.","ISO GROUP, INC.",,ISOGRP,,,,No Bill.com vendor name matched (exact or relaxed).
Unmatched,Exact,JA-SUPPLY.COM,JA-SUPPLY.COM,,JA,,,,No Bill.com vendor name matched (exact or relaxed).
Matched,Relaxed,Jergens,JERGENS MANUFACTURING EFFICIENCY,00901EQRXFYUUXP8vd2l,JERGMF,,true,,
Unmatched,Exact,JOANN FABRICS,JOANN FABRICS,,JF,,,,No Bill.com vendor name matched (exact or relaxed).
Matched,Relaxed,K&T Manufacturing,K&T MANUFACTURING & WELDING,00901MCIBRULDBB8vggs,K&TM,,true,,
Unmatched,Exact,KAB TECH CORP,KAB TECH CORP,,KABTEC,,,,No Bill.com vendor name matched (exact or relaxed).
Unmatched,Exact,KEEP SUPPLY,KEEP SUPPLY,,KEEPSU,,,,No Bill.com vendor name matched (exact or relaxed).
Unmatched,Exact,L&S TRUCKING,L&S TRUCKING,,L&S,,,,No Bill.com vendor name matched (exact or relaxed).
Unmatched,Exact,LYNCH FLUID CONTROLS,LYNCH FLUID CONTROLS,,LYNCHF,,,,No Bill.com vendor name matched (exact or relaxed).
Unmatched,Exact,MANTEC SERVICES INC.,MANTEC SERVICES INC.,,MANTEC,,,,No Bill.com vendor name matched (exact or relaxed).
Unmatched,Exact,MARSHALL E. CAMPBELL COMPANY,MARSHALL E. CAMPBELL COMPANY,,MEC,,,,No Bill.com vendor name matched (exact or relaxed).
Unmatched,Exact,MASTER ELECTRONICS,MASTER ELECTRONICS,,MASELE,,,,No Bill.com vendor name matched (exact or relaxed).
Unmatched,Exact,MAVERICK ABRASIVES,MAVERICK ABRASIVES,,MA,,,,No Bill.com vendor name matched (exact or relaxed).
Unmatched,Exact,MERIT FASTENERS,MERIT FASTENERS,,MERIT,,,,No Bill.com vendor name matched (exact or relaxed).
Unmatched,Exact,MES PAINT & DETAIL,MES PAINT & DETAIL,,MES,,,,No Bill.com vendor name matched (exact or relaxed).
Unmatched,Exact,METALS DEPOT INTERNATIONAL,METALS DEPOT INTERNATIONAL,,MDI,,,,No Bill.com vendor name matched (exact or relaxed).
Matched,Relaxed,Kaufman MFG Co,MFG.COM,00901GXWLBINQEP8vgcz,MFG,,true,,
Matched,Relaxed,Mitsubishi Electric Automation,MITSUBISHI ELECTRIC,00901AWHFCXHTUM8vda6,MTSE,,true,,
Unmatched,Exact,MOCAYO PRECISION,MOCAYO PRECISION,,mocayo,,,,No Bill.com vendor name matched (exact or relaxed).
Unmatched,Exact,MONROE AEROSPACE,MONROE AEROSPACE,,monroe,,,,No Bill.com vendor name matched (exact or relaxed).
Unmatched,Exact,NOVA METAL PRODUCTS,NOVA METAL PRODUCTS,,NovaM,,,,No Bill.com vendor name matched (exact or relaxed).
Unmatched,Exact,NTS ORLANDO,NTS ORLANDO,,NTS,,,,No Bill.com vendor name matched (exact or relaxed).
Unmatched,Exact,ONLINEMETALS.COM,ONLINEMETALS.COM,,OM,,,,No Bill.com vendor name matched (exact or relaxed).
Ambiguous,Relaxed,OPTISOLUTIONS LLC,OPTISOLUTIONS LLC,,OS,,,,2 Bill.com vendors plausibly match by relaxed name; City/Zip did not resolve a single match.
Unmatched,Exact,ORANGE COUNTY CONVENTION CENTER,ORANGE COUNTY CONVENTION CENTER,,OCCC,,,,No Bill.com vendor name matched (exact or relaxed).
Unmatched,Exact,O'REILLY AUTO PARTS,O'REILLY AUTO PARTS,,OREILL,,,,No Bill.com vendor name matched (exact or relaxed).
Unmatched,Exact,OSHCUT,OSHCUT,,OSHCUT,,,,No Bill.com vendor name matched (exact or relaxed).
Unmatched,Exact,"OUTDOOR LIVING PRODUCTS, INC","OUTDOOR LIVING PRODUCTS, INC",,OUTLIV,,,,No Bill.com vendor name matched (exact or relaxed).
Unmatched,Exact,PACKAGING CORPORATION OF AMERICA,PACKAGING CORPORATION OF AMERICA,,PCA,,,,No Bill.com vendor name matched (exact or relaxed).
Unmatched,Exact,PALLET PEOPLE,PALLET PEOPLE,,PELLET,,,,No Bill.com vendor name matched (exact or relaxed).
Unmatched,Exact,PEAK MACHINE SHOP,PEAK MACHINE SHOP,,peak,,,,No Bill.com vendor name matched (exact or relaxed).
Unmatched,Exact,Peninsula Metal Finishing,Peninsula Metal Finishing,,PMF,,,,No Bill.com vendor name matched (exact or relaxed).
Unmatched,Exact,PHENTER SALES,PHENTER SALES,,PHENSA,,,,No Bill.com vendor name matched (exact or relaxed).
Unmatched,Exact,PIPING NOW,PIPING NOW,,PipNow,,,,No Bill.com vendor name matched (exact or relaxed).
Unmatched,Exact,"PLATINUM NDT, LLC","PLATINUM NDT, LLC",,PLANDT,,,,No Bill.com vendor name matched (exact or relaxed).
Unmatched,Exact,PPG PAINTS,PPG PAINTS,,PPG,,,,No Bill.com vendor name matched (exact or relaxed).
Unmatched,Exact,PRACTICAL TEK LLC.,PRACTICAL TEK LLC.,,PTEK,,,,No Bill.com vendor name matched (exact or relaxed).
Unmatched,Exact,PRECISECAST PROTOTYPE & ENGINEERING,PRECISECAST PROTOTYPE & ENGINEERING,,PRECIC,,,,No Bill.com vendor name matched (exact or relaxed).
Matched,Relaxed,Primary Machine & Repair,PRIMARY MACHINE,00901RKPPPACBFU8vd3j,PRM,,true,,
Unmatched,Exact,PROAIRSUPPLY,PROAIRSUPPLY,,PAS,,,,No Bill.com vendor name matched (exact or relaxed).
Unmatched,Exact,"PURITAS METAL PRODUCTS, INC.","PURITAS METAL PRODUCTS, INC.",,PMPI,,,,No Bill.com vendor name matched (exact or relaxed).
Matched,Relaxed,QBuild Corporation,QBUILD ERP ENGINEERING INTEGRATION,00901OJKBSLIRFC8vdbu,Qbuild,,false,Bill.com update vendor 00901OJKBSLIRFC8vdbu failed (500 InternalServerError): : Internal server error,
Matched,Relaxed,Quantum Machinery Group,QUANTUM MACHINERY GROUP (SIEGMUND),00901NJOQAWZECV8vdbd,SIEGMU,,true,,
Unmatched,Exact,QUINGDAO JINGHONG PRECISION IND CO,QUINGDAO JINGHONG PRECISION IND CO,,QUINGD,,,,No Bill.com vendor name matched (exact or relaxed).
Unmatched,Exact,RADWELL INTERNATIONAL,RADWELL INTERNATIONAL,,RADWEL,,,,No Bill.com vendor name matched (exact or relaxed).
Unmatched,Exact,RAGLADY,RAGLADY,,RAGLAD,,,,No Bill.com vendor name matched (exact or relaxed).
Unmatched,Exact,RESPSAFETY,RESPSAFETY,,RESPSA,,,,No Bill.com vendor name matched (exact or relaxed).
Unmatched,Exact,RIGGINGWAREHOUSE.COM,RIGGINGWAREHOUSE.COM,,RIGWHS,,,,No Bill.com vendor name matched (exact or relaxed).
Unmatched,Exact,ROBERTS OXYGEN,ROBERTS OXYGEN,,ROBERT,,,,No Bill.com vendor name matched (exact or relaxed).
Matched,Relaxed,RoKap,ROKAP FOD SIGNS,00901LAEMYBTRLN8vd04,ROKAP,,false,Bill.com address incomplete (missing city/zip) and the M2M Excel row has no city/zip to fill it; skipped.,
Unmatched,Exact,RYERSON - TAMPA,RYERSON - TAMPA,,RYERSO,,,,No Bill.com vendor name matched (exact or relaxed).
Unmatched,Exact,"SACKETT REPAIR, LLC","SACKETT REPAIR, LLC",,SACKTT,,,,No Bill.com vendor name matched (exact or relaxed).
Unmatched,Exact,SAFERITE SOLUTIONS,SAFERITE SOLUTIONS,,SAFRIT,,,,No Bill.com vendor name matched (exact or relaxed).
Unmatched,Exact,SAFETYSIGN.COM,SAFETYSIGN.COM,,Safety,,,,No Bill.com vendor name matched (exact or relaxed).
Unmatched,Exact,SANDVIK COROMANT,SANDVIK COROMANT,,SANDVI,,,,No Bill.com vendor name matched (exact or relaxed).
Unmatched,Exact,SCOTCHMAN INDUSTRIES,SCOTCHMAN INDUSTRIES,,Scotch,,,,No Bill.com vendor name matched (exact or relaxed).
Unmatched,Exact,"SCR PRECISION TUBE BENDING, INC","SCR PRECISION TUBE BENDING, INC",,scrp,,,,No Bill.com vendor name matched (exact or relaxed).
Unmatched,Exact,SEA GEAR MARINE,SEA GEAR MARINE,,SEAGEA,,,,No Bill.com vendor name matched (exact or relaxed).
Unmatched,Exact,SEYMOUR PAINTS AND COATINGS,SEYMOUR PAINTS AND COATINGS,,SEYPAI,,,,No Bill.com vendor name matched (exact or relaxed).
Unmatched,Exact,SIERRA VICTOR IND.,SIERRA VICTOR IND.,,SVI,,,,No Bill.com vendor name matched (exact or relaxed).
Unmatched,Exact,SIGMASURPLUS.COM,SIGMASURPLUS.COM,,SigmaS,,,,No Bill.com vendor name matched (exact or relaxed).
Unmatched,Exact,SKY MART,SKY MART,,SMart,,,,No Bill.com vendor name matched (exact or relaxed).
Matched,Relaxed,The SolidExperts,SOLIDEXPERTS,00901KYJPTCSYMH8vdd8,SEXP,,true,,
Unmatched,Exact,SOUTH ATLANTIC LLC,SOUTH ATLANTIC LLC,,SAL,,,,No Bill.com vendor name matched (exact or relaxed).
Unmatched,Exact,SOUTHEAST TOYOTA FLORIDA,SOUTHEAST TOYOTA FLORIDA,,TOYOTA,,,,No Bill.com vendor name matched (exact or relaxed).
Unmatched,Exact,SPEED FABRICATION,SPEED FABRICATION,,SPDFAB,,,,No Bill.com vendor name matched (exact or relaxed).
Unmatched,Exact,SPRAYER DEPOT,SPRAYER DEPOT,,SD,,,,No Bill.com vendor name matched (exact or relaxed).
Unmatched,Exact,STAN WEAVER & COMPANY,STAN WEAVER & COMPANY,,SWC,,,,No Bill.com vendor name matched (exact or relaxed).
Matched,Relaxed,Stewart Stainless Supply,STEWART STAINLESS,00901OWBRRZZHCS8vd47,STEWST,,true,,
Unmatched,Exact,SUNCOAST PRECISION TOOLS,SUNCOAST PRECISION TOOLS,,SPT,,,,No Bill.com vendor name matched (exact or relaxed).
Unmatched,Exact,SUN-GLO PLATING CO.,SUN-GLO PLATING CO.,,SGPC,,,,No Bill.com vendor name matched (exact or relaxed).
Unmatched,Exact,SUPERIOR COATINGS OF AMERICA,SUPERIOR COATINGS OF AMERICA,,SUPCOA,,,,No Bill.com vendor name matched (exact or relaxed).
Unmatched,Exact,SUPPLY HOUSE.COM,SUPPLY HOUSE.COM,,SUPHS,,,,No Bill.com vendor name matched (exact or relaxed).
Unmatched,Exact,TARGET,TARGET,,TARG,,,,No Bill.com vendor name matched (exact or relaxed).
Matched,Relaxed,"Federal Integration Team, Inc.","TEAM, INC",00901XAHDDGUBCC8vgin,TEAMIN,,true,,
Unmatched,Exact,THE GOODYEAR TIRE AND RUBBER CO,THE GOODYEAR TIRE AND RUBBER CO,,TGTRC,,,,No Bill.com vendor name matched (exact or relaxed).
Unmatched,Exact,THOMSON INDUSTRIES INC.,THOMSON INDUSTRIES INC.,,THOMSO,,,,No Bill.com vendor name matched (exact or relaxed).
Unmatched,Exact,"THREAD CHECK, INC.","THREAD CHECK, INC.",,THRDCK,,,,No Bill.com vendor name matched (exact or relaxed).
Unmatched,Exact,THRIFTBOOKS.COM,THRIFTBOOKS.COM,,THRIFT,,,,No Bill.com vendor name matched (exact or relaxed).
Matched,Relaxed,"Tile, Inc.",TILE BY LIFE360,00901MKXVWYAMCZ8vd4u,Tile,,false,Bill.com address incomplete (missing city/zip) and the M2M Excel row has no city/zip to fill it; skipped.,
Unmatched,Exact,TOOLOTS.COM,TOOLOTS.COM,,TLOTS,,,,No Bill.com vendor name matched (exact or relaxed).
Unmatched,Exact,TRACEY TRUCK PARTS,TRACEY TRUCK PARTS,,TTP,,,,No Bill.com vendor name matched (exact or relaxed).
Unmatched,Exact,TRACTOR SUPPLY COMPANY,TRACTOR SUPPLY COMPANY,,TSC,,,,No Bill.com vendor name matched (exact or relaxed).
Unmatched,Exact,TRAILER PARTS SUPERSTORE,TRAILER PARTS SUPERSTORE,,TPS,,,,No Bill.com vendor name matched (exact or relaxed).
Unmatched,Exact,UNITED PARCEL SERVICES,UNITED PARCEL SERVICES,,UPS,,,,No Bill.com vendor name matched (exact or relaxed).
Unmatched,Exact,UNITED RENTALS,UNITED RENTALS,,UR,,,,No Bill.com vendor name matched (exact or relaxed).
Unmatched,Exact,UNITED STATES TREASURY,UNITED STATES TREASURY,,UST,,,,No Bill.com vendor name matched (exact or relaxed).
Unmatched,Exact,USPS,USPS,,USPS,,,,No Bill.com vendor name matched (exact or relaxed).
Unmatched,Exact,VALMONT TAMPA GALVANIZING,VALMONT TAMPA GALVANIZING,,VTG,,,,No Bill.com vendor name matched (exact or relaxed).
Unmatched,Exact,VISTA PRINT,VISTA PRINT,,Vista,,,,No Bill.com vendor name matched (exact or relaxed).
Matched,Relaxed,Voya Financial,VOYA,00901GKAZGTXMAM8vdeh,VOYA,,true,,
Unmatched,Exact,WALGREENS,WALGREENS,,WALG,,,,No Bill.com vendor name matched (exact or relaxed).
Unmatched,Exact,WALMART,WALMART,,WALMAR,,,,No Bill.com vendor name matched (exact or relaxed).
Matched,Relaxed,Waste Pro - Orlando,WASTE PRO,00901PRALQWUTGQ8vdda,WASTE,,true,,
Unmatched,Exact,WELDFABULOUS,WELDFABULOUS,,WELDFA,,,,No Bill.com vendor name matched (exact or relaxed).
Matched,Relaxed,IOC,WELDING SUPPLIES FROM IOC,00901WFYIFKLXYT8vgh7,Weld,,true,,
Unmatched,Exact,WEST MARINE,WEST MARINE,,WESTMA,,,,No Bill.com vendor name matched (exact or relaxed).
Unmatched,Exact,WESTWAY ELECTRIC SUPPLY,WESTWAY ELECTRIC SUPPLY,,WESTWA,,,,No Bill.com vendor name matched (exact or relaxed).
Unmatched,Exact,WIRE & CABLE YOUR WAY,WIRE & CABLE YOUR WAY,,WCYW,,,,No Bill.com vendor name matched (exact or relaxed).
Unmatched,Exact,YANGZHOU HIRACE OUTDOOR CO. LTD,YANGZHOU HIRACE OUTDOOR CO. LTD,,Hirace,,,,No Bill.com vendor name matched (exact or relaxed).
Matched,Relaxed,Yeager Manufacturing,YEAGER MANUFACTURING TECHNOLOGIES,00901DUYRTGSSXX8vd4k,yeager,,true,,
Matched,Relaxed,Industrial General,Industrial General Store,00901TGPDCNMSUN8vd99,001253,,true,,
Matched,Relaxed,Discount Rubber,Discount Rubber Direct,00901PKUXPXTJAQ8vd9x,001255,,true,,
Unmatched,Exact,HRThought LLC,HRThought LLC,,001289,,,,No Bill.com vendor name matched (exact or relaxed).
Matched,Relaxed,Seastrom,Seastrom Manufacturing,00901YOIECUSTDN8vdao,001261,,true,,
Matched,Relaxed,Chicago Metal Rolled Products,Chicago Rolled Products Company,00901URHSWNFOXX8vda5,001264,,true,,
Unmatched,Exact,Kaitlyn Kimball,Kaitlyn Kimball,,001275,,,,No Bill.com vendor name matched (exact or relaxed).
Unmatched,Exact,"Richard T. Martin, PE","Richard T. Martin, PE",,001277,,,,No Bill.com vendor name matched (exact or relaxed).
Unmatched,Exact,IRWaterJet,IRWaterJet,,001278,,,,No Bill.com vendor name matched (exact or relaxed).
Matched,Relaxed,James Industrial Services,James Industrial Service,00901AGYCFQBZRA8vdf0,001280,,true,,
Matched,Relaxed,Aptean Inc.,Aptean Made2Manage,00901BELPFVJYQP8vdf5,001281,,true,,
Unmatched,Exact,Marstrand Industries,Marstrand Industries,,001282,,,,No Bill.com vendor name matched (exact or relaxed).
Matched,Relaxed,Barak and Brazos Engineering,Barak and Brazos Engineering Pvt Lt,00901PZBCLEVJVI8vd0c,001287,,true,,
Unmatched,Exact,B&B Cyber Solutions,B&B Cyber Solutions,,001291,,,,No Bill.com vendor name matched (exact or relaxed).
Unmatched,Exact,Northern Safety Company,Northern Safety Company,,001293,,,,No Bill.com vendor name matched (exact or relaxed).
Matched,Relaxed,Michael Curry,Michael Curry Landscaping,00901ENOVIAOSTY8vdcu,001294,,true,,
Unmatched,Exact,Taskmaster Components,Taskmaster Components,,001299,,,,No Bill.com vendor name matched (exact or relaxed).
Matched,Relaxed,LK Electrical Contractors and Services,LK Electrical and Services LLC,00901SFUTYBDFDU8vdd6,001300,,true,,
Unmatched,Exact,Alaco Ladder Company,Alaco Ladder Company,,001301,,,,No Bill.com vendor name matched (exact or relaxed).
Unmatched,Exact,3DS Technologies Inc,3DS Technologies Inc,,001302,,,,No Bill.com vendor name matched (exact or relaxed).
Unmatched,Exact,Pro-Doors LLC,Pro-Doors LLC,,001303,,,,No Bill.com vendor name matched (exact or relaxed).
Unmatched,Exact,City Electric Supply,City Electric Supply,,001304,,,,No Bill.com vendor name matched (exact or relaxed).
Unmatched,Exact,Diamond Fasteners,,00901JTJPCKHXXH8vgdb,,,,,Bill.com vendor with no matching M2M row.
Unmatched,Exact,Dicks Sporting Goods,,00901TYWYLPGFKW8vgdc,,,,,Bill.com vendor with no matching M2M row.
Unmatched,Exact,Forest City Industrial Sewing,,00901QPYKNFCAAP8vgdd,,,,,Bill.com vendor with no matching M2M row.
Unmatched,Exact,Formswift.com,,00901WOKVGWYMSK8vgde,,,,,Bill.com vendor with no matching M2M row.
Unmatched,Exact,Fox Rent A Car,,00901HCGSUAXNNV8vgdf,,,,,Bill.com vendor with no matching M2M row.
Unmatched,Exact,Franklowe,,00901FKTYJCRDWO8vgdg,,,,,Bill.com vendor with no matching M2M row.
Unmatched,Exact,Frontier,,00901WTOTMQFWLE8vgdh,,,,,Bill.com vendor with no matching M2M row.
Unmatched,Exact,"Kinequip, Inc.",,00901GVQPYFIAXI8vgdj,,,,,Bill.com vendor with no matching M2M row.
Unmatched,Exact,"Florida Marking Products, LLC",,00901IGJVMVPRKB8vgdk,,,,,Bill.com vendor with no matching M2M row.
Unmatched,Exact,Hamilton Caster,,00901TLXRPOCADW8vghs,,,,,Bill.com vendor with no matching M2M row.
Unmatched,Exact,Hampton Inn,,00901LIXBPMBXIH8vght,,,,,Bill.com vendor with no matching M2M row.
Unmatched,Exact,"Hank CNC Tech, LLC",,00901RRTMPWYPOC8vghu,,,,,Bill.com vendor with no matching M2M row.
Unmatched,Exact,Jan's Place,,00901PVFAKLXWEV8vghv,,,,,Bill.com vendor with no matching M2M row.
Unmatched,Exact,Jason Arias,,00901WJATAEOKHV8vghw,,,,,Bill.com vendor with no matching M2M row.
Unmatched,Exact,"JCA Surety Group, LLC",,00901FXXWWMYFXI8vghx,,,,,Bill.com vendor with no matching M2M row.
Unmatched,Exact,Fidelity Investments,,00901RORMTUTVTZ8vghy,,,,,Bill.com vendor with no matching M2M row.
Unmatched,Exact,FinishMaster,,00901RJDCSLLMJH8vghz,,,,,Bill.com vendor with no matching M2M row.
Unmatched,Exact,Firehouse Subs,,00901FCEPJLTNYD8vgi0,,,,,Bill.com vendor with no matching M2M row.
Unmatched,Exact,Copper State Bolt & Nut Company,,00901EWIBMOXDVN8vgi1,,,,,Bill.com vendor with no matching M2M row.
Unmatched,Exact,"Chrisbarry Aircraft, Corp.",,00901EMGSQQRXOB8vgdm,,,,,Bill.com vendor with no matching M2M row.
Unmatched,Exact,Christian J. Ellin,,00901WIQHDMOEOS8vgdn,,,,,Bill.com vendor with no matching M2M row.
Unmatched,Exact,Chuck's Gas & Mart,,00901IDDNNKHDIJ8vgdo,,,,,Bill.com vendor with no matching M2M row.
Unmatched,Exact,"CIMCO Americas, LLC",,00901WGSWDPLHES8vgdp,,,,,Bill.com vendor with no matching M2M row.
Unmatched,Exact,D & D Technologies,,00901BYBHLKIUGI8vgdq,,,,,Bill.com vendor with no matching M2M row.
Unmatched,Exact,D&B,,00901CXNENMPOOO8vgdr,,,,,Bill.com vendor with no matching M2M row.
Unmatched,Exact,"DAF Product, Inc.",,00901POMLMSCJFC8vgds,,,,,Bill.com vendor with no matching M2M row.
Unmatched,Exact,Direct Connect,,00901LELAKDCXED8vgdu,,,,,Bill.com vendor with no matching M2M row.
Unmatched,Exact,Corbett / Villalon Consulting,,00901FZQMQGNICM8vgi2,,,,,Bill.com vendor with no matching M2M row.
Unmatched,Exact,CorpSummits,,00901WLKZTKNIHY8vgi3,,,,,Bill.com vendor with no matching M2M row.
Unmatched,Exact,Corpus Christi Mini Mart,,00901RUKJSTGJVQ8vgi4,,,,,Bill.com vendor with no matching M2M row.
Unmatched,Exact,Glue Masters,,00901XPADLBPXAW8vgi6,,,,,Bill.com vendor with no matching M2M row.
Unmatched,Exact,GoDaddy,,00901FVIBXEOLUV8vgi8,,,,,Bill.com vendor with no matching M2M row.
Unmatched,Exact,Hanson Rivet & Supply Co.,,00901HJAQBDIKDT8vgi9,,,,,Bill.com vendor with no matching M2M row.
Unmatched,Exact,Hardware World,,00901NBDCRJLUGS8vgia,,,,,Bill.com vendor with no matching M2M row.
Unmatched,Exact,Jessup Manufacturing Company,,00901OPJYJREOEC8vgib,,,,,Bill.com vendor with no matching M2M row.
Unmatched,Exact,KRB Ventures,,00901MAOTNKKHCL8vgdx,,,,,Bill.com vendor with no matching M2M row.
Unmatched,Exact,Florida Notary Service,,00901DXOOOEKOYN8vgdy,,,,,Bill.com vendor with no matching M2M row.
Unmatched,Exact,Florida RS Technology,,00901TXTWBQYNCT8vgdz,,,,,Bill.com vendor with no matching M2M row.
Unmatched,Exact,Florida State Minority Supplier Dev.,,00901SYHBNHHTTG8vge0,,,,,Bill.com vendor with no matching M2M row.
Unmatched,Exact,Fluitek Corporation,,00901BAFUTJNMDE8vge1,,,,,Bill.com vendor with no matching M2M row.
Unmatched,Exact,Flyers Gas,,00901SHKBDPRWDF8vge2,,,,,Bill.com vendor with no matching M2M row.
Unmatched,Exact,Circle K,,00901SBJCYTXXMV8vge4,,,,,Bill.com vendor with no matching M2M row.
Unmatched,Exact,Jet-Brick/Pak-Rite,,00901VCRAPUHJEK8vgic,,,,,Bill.com vendor with no matching M2M row.
Unmatched,Exact,Jet Blue,,00901WFKRHIDJVP8vgid,,,,,Bill.com vendor with no matching M2M row.
Unmatched,Exact,"JET Helseth Manufacturing, Inc.",,00901NLYWVRWLNU8vgie,,,,,Bill.com vendor with no matching M2M row.
Unmatched,Exact,Fish Bones,,00901QWMXBAHJAW8vgif,,,,,Bill.com vendor with no matching M2M row.
Unmatched,Exact,Costa Marine Upholstery,,00901NFXLTQIZTG8vgig,,,,,Bill.com vendor with no matching M2M row.
Unmatched,Exact,Country Inn & Suites,,00901SCUJNABJYY8vgih,,,,,Bill.com vendor with no matching M2M row.
Unmatched,Exact,Cracker Barrel,,00901WFGOXUPQYQ8vgii,,,,,Bill.com vendor with no matching M2M row.
Unmatched,Exact,Craigslist.com,,00901IBUIHRURRM8vgij,,,,,Bill.com vendor with no matching M2M row.
Unmatched,Exact,DEC Metals,,00901UMKQNLLRTA8vgik,,,,,Bill.com vendor with no matching M2M row.
Unmatched,Exact,Del Taco,,00901OEGZWFIEGY8vgil,,,,,Bill.com vendor with no matching M2M row.
Unmatched,Exact,Cisco of Orlando South,,00901AMQIJEBLPA8vge5,,,,,Bill.com vendor with no matching M2M row.
Unmatched,Exact,Citgo,,00901ITLCVSQWWH8vge6,,,,,Bill.com vendor with no matching M2M row.
Unmatched,Exact,Citrus Sandblast,,00901XXICROCJIA8vge7,,,,,Bill.com vendor with no matching M2M row.
Unmatched,Exact,City Electrical Supply,,00901LQEXPUANNF8vge8,,,,,Bill.com vendor with no matching M2M row.
Unmatched,Exact,"Dan-Bar, Inc.",,00901PWJBVIXHKL8vge9,,,,,Bill.com vendor with no matching M2M row.
Unmatched,Exact,Daniel Jones,,00901OAYZSUSQPK8vgea,,,,,Bill.com vendor with no matching M2M row.
Unmatched,Exact,DiscProfile,,00901XNFLBLBAFI8vgeb,,,,,Bill.com vendor with no matching M2M row.
Unmatched,Exact,"DM Manufacturing, LLC",,00901MFYNHFMBVL8vgec,,,,,Bill.com vendor with no matching M2M row.
Unmatched,Exact,Document Center,,00901XBTRGJXSXB8vged,,,,,Bill.com vendor with no matching M2M row.
Unmatched,Exact,Dollar Car Rental,,00901XFFZXTGFPM8vgee,,,,,Bill.com vendor with no matching M2M row.
Unmatched,Exact,FecTechnology Corporation,,00901LWXWACHEUG8vgim,,,,,Bill.com vendor with no matching M2M row.
Unmatched,Exact,Fred Pryor Seminars,,00901JECACWEULM8vgio,,,,,Bill.com vendor with no matching M2M row.
Unmatched,Exact,Freeman,,00901LHBAHYVPWV8vgip,,,,,Bill.com vendor with no matching M2M row.
Unmatched,Exact,Harvard Business Review,,00901NDKOSQNUJZ8vgiq,,,,,Bill.com vendor with no matching M2M row.
Unmatched,Exact,HD Supply,,00901XEOCNMTFVT8vgir,,,,,Bill.com vendor with no matching M2M row.
Unmatched,Exact,Heat Shrink Supply Co.,,00901OUBOFNRRMS8vgis,,,,,Bill.com vendor with no matching M2M row.
Unmatched,Exact,Heavy Duty Tarps,,00901ZMONVCADAZ8vgit,,,,,Bill.com vendor with no matching M2M row.
Unmatched,Exact,"Hebco, Inc.",,00901EEPIWXIYQE8vgiu,,,,,Bill.com vendor with no matching M2M row.
Unmatched,Exact,Homeaway Reservations,,00901APDVPWXKCL8vgiv,,,,,Bill.com vendor with no matching M2M row.
Unmatched,Exact,Dollar General,,00901AVAKEVVWKA8vgef,,,,,Bill.com vendor with no matching M2M row.
Unmatched,Exact,Jonathan Campbell,,00901ZDHFNDDAWZ8vgeg,,,,,Bill.com vendor with no matching M2M row.
Unmatched,Exact,Hilton,,00901ZIGTBLOITE8vgeh,,,,,Bill.com vendor with no matching M2M row.
Unmatched,Exact,HireRight Express,,00901GPNKVIQDGA8vgei,,,,,Bill.com vendor with no matching M2M row.
Unmatched,Exact,City of Apopka,,00901TAWHQJQFYH8vgek,,,,,Bill.com vendor with no matching M2M row.
Unmatched,Exact,City of Orlando,,00901LZAXHEAYXM8vgel,,,,,Bill.com vendor with no matching M2M row.
Unmatched,Exact,Claredon Specialty Fasteners,,00901UOMIZVUOSX8vgem,,,,,Bill.com vendor with no matching M2M row.
Unmatched,Exact,Classic Burgers,,00901JWZQNRDKQT8vgen,,,,,Bill.com vendor with no matching M2M row.
Unmatched,Exact,ClearChecks,,00901RMSLGYKEBB8vgeo,,,,,Bill.com vendor with no matching M2M row.
Unmatched,Exact,Jersey Mikes,,00901LIPBDLMONZ8vgiw,,,,,Bill.com vendor with no matching M2M row.
Unmatched,Exact,Joel Desile,,00901BBIFZTPPUN8vgix,,,,,Bill.com vendor with no matching M2M row.
Unmatched,Exact,Jonah James,,00901DPHRDGOVZJ8vgiz,,,,,Bill.com vendor with no matching M2M row.
Unmatched,Exact,Jonathan Bahamundi,,00901CSMUHJBGIP8vgj0,,,,,Bill.com vendor with no matching M2M row.
Unmatched,Exact,Crestwood Technology Group,,00901GCADFJBHRO8vgj1,,,,,Bill.com vendor with no matching M2M row.
Unmatched,Exact,Cristine Dearing Vazquez,,00901PGLGUUMVIS8vgj2,,,,,Bill.com vendor with no matching M2M row.
Unmatched,Exact,Cross Company Automation Group- Florida,,00901NTSMQMKDCK8vgj3,,,,,Bill.com vendor with no matching M2M row.
Unmatched,Exact,Cross Components,,00901XELYVVPGOW8vgj4,,,,,Bill.com vendor with no matching M2M row.
Unmatched,Exact,1-800-Flowers.com,,00901EMVWPMILCH8vgj5,,,,,Bill.com vendor with no matching M2M row.
Unmatched,Exact,Cloud 9 Services,,00901YOSWSBGGUD8vgep,,,,,Bill.com vendor with no matching M2M row.
Unmatched,Exact,David Cervantes,,00901GRQPGZMNCR8vgeq,,,,,Bill.com vendor with no matching M2M row.
Unmatched,Exact,Domain Listings,,00901OZDAUXVHBW8vger,,,,,Bill.com vendor with no matching M2M row.
Unmatched,Exact,Clyde Machines,,00901XDBQZAQAHR8vges,,,,,Bill.com vendor with no matching M2M row.
Unmatched,Exact,CMC Commercial Metals,,00901AKIGPJTIGC8vget,,,,,Bill.com vendor with no matching M2M row.
Unmatched,Exact,CNBC Smartshop,,00901NUJEESCCHE8vgeu,,,,,Bill.com vendor with no matching M2M row.
Unmatched,Exact,Cobalt,,00901EWCHKNAYVA8vgev,,,,,Bill.com vendor with no matching M2M row.
Unmatched,Exact,Cocoa Bay Investments,,00901OMXMZDFEQM8vgew,,,,,Bill.com vendor with no matching M2M row.
Unmatched,Exact,Colegrove Rentals,,00901NWNOWJVBUV8vgex,,,,,Bill.com vendor with no matching M2M row.
Unmatched,Exact,Doran Specialties,,00901XYHWNTEAGB8vgey,,,,,Bill.com vendor with no matching M2M row.
Unmatched,Exact,12 Hour Awards,,00901WHLLHRNYWR8vgj6,,,,,Bill.com vendor with no matching M2M row.
Unmatched,Exact,1929 The Market,,00901TELEAUKMGG8vgj7,,,,,Bill.com vendor with no matching M2M row.
Unmatched,Exact,2GO Consulting,,00901CXGMMOOTHD8vgj8,,,,,Bill.com vendor with no matching M2M row.
Unmatched,Exact,Aircraft Extrusion Co.,,00901NUONAPJRDQ8vgjb,,,,,Bill.com vendor with no matching M2M row.
Unmatched,Exact,Aircraft Shop Supply,,00901LIMODCFKBP8vgjc,,,,,Bill.com vendor with no matching M2M row.
Unmatched,Exact,Aircraft Spruce & Specialty Co.,,00901FMTGVSPDLY8vgjd,,,,,Bill.com vendor with no matching M2M row.
Unmatched,Exact,Airgas,,00901UHEOXKOVHH8vgje,,,,,Bill.com vendor with no matching M2M row.
Unmatched,Exact,AirGroup,,00901MKOKNJQHNH8vgjf,,,,,Bill.com vendor with no matching M2M row.
Unmatched,Exact,Doubletree Hotel,,00901LPIMKVRCIQ8vgez,,,,,Bill.com vendor with no matching M2M row.
Unmatched,Exact,Dropbox Business,,00901JIOWSCWZCP8vgf0,,,,,Bill.com vendor with no matching M2M row.
Unmatched,Exact,Duda Diesel,,00901EWSXSMELQJ8vgf1,,,,,Bill.com vendor with no matching M2M row.
Unmatched,Exact,Electronic Hardware Corporation,,00901CBJWYZDWYN8vgf2,,,,,Bill.com vendor with no matching M2M row.
Unmatched,Exact,Elementor,,00901HTBACFIDXG8vgf3,,,,,Bill.com vendor with no matching M2M row.
Unmatched,Exact,Elite Metal Finish,,00901DVJTDCYNQS8vgf4,,,,,Bill.com vendor with no matching M2M row.
Unmatched,Exact,"Elro Manufacturing, LLC",,00901EPNIDRGTLJ8vgf5,,,,,Bill.com vendor with no matching M2M row.
Unmatched,Exact,Hooters,,00901JKJAVROXMZ8vgf6,,,,,Bill.com vendor with no matching M2M row.
Unmatched,Exact,Hopper Travel,,00901GNDNIYRVKV8vgf7,,,,,Bill.com vendor with no matching M2M row.
Unmatched,Exact,Hotels.com,,00901LCTHQZFQUB8vgf8,,,,,Bill.com vendor with no matching M2M row.
Unmatched,Exact,All World Machinery,,00901DZRBLKFYZQ8vgjg,,,,,Bill.com vendor with no matching M2M row.
Unmatched,Exact,76 - Civic Center,,00901TAHEIFSIJR8vgji,,,,,Bill.com vendor with no matching M2M row.
Unmatched,Exact,8ACertifications.com,,00901HZHZVALWRK8vgjj,,,,,Bill.com vendor with no matching M2M row.
Unmatched,Exact,99RRant,,00901KKOSRIFELZ8vgjk,,,,,Bill.com vendor with no matching M2M row.
Unmatched,Exact,A-Abra-Key-Dabra Locksmith Services,,00901DUSPDMUAZJ8vgjl,,,,,Bill.com vendor with no matching M2M row.
Unmatched,Exact,"Access Manufacturing Systems, Inc",,00901FNLZUMBHBY8vgjm,,,,,Bill.com vendor with no matching M2M row.
Unmatched,Exact,Accuform,,00901EKMXQACVPZ8vgjn,,,,,Bill.com vendor with no matching M2M row.
Unmatched,Exact,HotelsCheapRooms,,00901RXDUTXUQQT8vgf9,,,,,Bill.com vendor with no matching M2M row.
Unmatched,Exact,Combat Adhesive,,00901XQBXYZAALO8vgfa,,,,,Bill.com vendor with no matching M2M row.
Unmatched,Exact,Comfort Inn,,00901NFSCCDDQWH8vgfb,,,,,Bill.com vendor with no matching M2M row.
Unmatched,Exact,Dunkin Donuts,,00901EZJWFPDJTK8vgfc,,,,,Bill.com vendor with no matching M2M row.
Unmatched,Exact,EB Safety,,00901DSRAGSTEEI8vgfd,,,,,Bill.com vendor with no matching M2M row.
Unmatched,Exact,EComm,,00901OPFMAYRVIU8vgfe,,,,,Bill.com vendor with no matching M2M row.
Unmatched,Exact,Ed's Mini Mart,,00901EGJOSBSFBJ8vgff,,,,,Bill.com vendor with no matching M2M row.
Unmatched,Exact,"EMS, Inc.",,00901DSXDJULYUW8vgfi,,,,,Bill.com vendor with no matching M2M row.
Unmatched,Exact,Emuge Franken,,00901QCJWYXHHTY8vgfj,,,,,Bill.com vendor with no matching M2M row.
Unmatched,Exact,Adobe Acropro,,00901FNOLAOVAVK8vgjr,,,,,Bill.com vendor with no matching M2M row.
Unmatched,Exact,Adobe Creative Cloud,,00901KFAFGFOOXW8vgjs,,,,,Bill.com vendor with no matching M2M row.
Unmatched,Exact,Adobe Websales,,00901SVSIHVVQHA8vgjt,,,,,Bill.com vendor with no matching M2M row.
Unmatched,Exact,"Air Duct Systems, Inc.",,00901AHHAWMPTYE8vgju,,,,,Bill.com vendor with no matching M2M row.
Unmatched,Exact,Airport Parking Dania Beach,,00901VBJCSYDUSX8vgjv,,,,,Bill.com vendor with no matching M2M row.
Unmatched,Exact,"Allen, Dyer, Doppelt & Gilchrist, PA",,00901RJXYXCLHFQ8vgjw,,,,,Bill.com vendor with no matching M2M row.
Unmatched,Exact,"Allied Crawford (Lakeland), Inc.",,00901KLVACELPYT8vgjx,,,,,Bill.com vendor with no matching M2M row.
Unmatched,Exact,Allied Electronics,,00901YMYPXNBHSC8vgjy,,,,,Bill.com vendor with no matching M2M row.
Unmatched,Exact,"Endeavor Business Media, LLC",,00901WHCGDENDPR8vgfk,,,,,Bill.com vendor with no matching M2M row.
Unmatched,Exact,"Endeavor Technologies, Inc.",,00901ZQNFJEDWBY8vgfl,,,,,Bill.com vendor with no matching M2M row.
Unmatched,Exact,Epass,,00901GTPZLHCVOI8vgfm,,,,,Bill.com vendor with no matching M2M row.
Unmatched,Exact,FullBore,,00901TDDVUUGCEX8vgfn,,,,,Bill.com vendor with no matching M2M row.
Unmatched,Exact,HTF Hardware,,00901DKBKERZBFM8vgfo,,,,,Bill.com vendor with no matching M2M row.
Unmatched,Exact,Huangyu Precision Metal Products,,00901PYNMCIBJCG8vgfp,,,,,Bill.com vendor with no matching M2M row.
Unmatched,Exact,Hudson News,,00901YCEHKKUCLK8vgfq,,,,,Bill.com vendor with no matching M2M row.
Unmatched,Exact,"Hudson Security Systems, Inc.",,00901EODTFKSWUI8vgfr,,,,,Bill.com vendor with no matching M2M row.
Unmatched,Exact,Allied National,,00901WPHCCSRAOP8vgjz,,,,,Bill.com vendor with no matching M2M row.
Unmatched,Exact,Allpower Manufacturing Company,,00901WMLWGNPKBN8vgk0,,,,,Bill.com vendor with no matching M2M row.
Unmatched,Exact,Alix,,00901CEHIFKMJCB8vgk1,,,,,Bill.com vendor with no matching M2M row.
Unmatched,Exact,All Cases,,00901ZGGPHHABVC8vgk2,,,,,Bill.com vendor with no matching M2M row.
Unmatched,Exact,All in 1 Bounce,,00901FAJVQWMBOZ8vgk3,,,,,Bill.com vendor with no matching M2M row.
Unmatched,Exact,All State Pallets,,00901TOMOEWPSHH8vgk4,,,,,Bill.com vendor with no matching M2M row.
Unmatched,Exact,"Absolute Systems, Inc.",,00901HVRIZIMKUE8vgk5,,,,,Bill.com vendor with no matching M2M row.
Unmatched,Exact,Action Equipment Rentals,,00901MDYAUXNIMX8vgk6,,,,,Bill.com vendor with no matching M2M row.
Unmatched,Exact,Adept Fastener,,00901MWGCILRTDC8vgk7,,,,,Bill.com vendor with no matching M2M row.
Unmatched,Exact,Advance Components,,00901HHHCXASQUN8vgk8,,,,,Bill.com vendor with no matching M2M row.
Unmatched,Exact,Eider Espinosa,,00901FKAHWVJHAB8vgfu,,,,,Bill.com vendor with no matching M2M row.
Unmatched,Exact,ERAC Toll,,00901LGYMVOLWTV8vgfv,,,,,Bill.com vendor with no matching M2M row.
Unmatched,Exact,ereplacements,,00901SVWOESGHUM8vgfw,,,,,Bill.com vendor with no matching M2M row.
Unmatched,Exact,ereplacements.com,,00901ZHXSIKOHMI8vgfx,,,,,Bill.com vendor with no matching M2M row.
Unmatched,Exact,Eric Shuster,,00901RKFYPLLTGU8vgfy,,,,,Bill.com vendor with no matching M2M row.
Unmatched,Exact,Erick Mason,,00901XBQBRFYXHQ8vgfz,,,,,Bill.com vendor with no matching M2M row.
Unmatched,Exact,ESL Supply,,00901HUKKGNGGDD8vgg0,,,,,Bill.com vendor with no matching M2M row.
Unmatched,Exact,eToolinc.com,,00901AIWSKEKFOG8vgg1,,,,,Bill.com vendor with no matching M2M row.
Unmatched,Exact,Gabrielle Alicea,,00901YNQSQETTXK8vgg2,,,,,Bill.com vendor with no matching M2M row.
Unmatched,Exact,Gale Insulation,,00901TFGVAOXFOD8vgg3,,,,,Bill.com vendor with no matching M2M row.
Unmatched,Exact,Advent Health,,00901QSWCCXRRLO8vgk9,,,,,Bill.com vendor with no matching M2M row.
Unmatched,Exact,Aero Supply USA,,00901IKXSUFBQUO8vgka,,,,,Bill.com vendor with no matching M2M row.
Unmatched,Exact,Aero Technical Components,,00901MHHATGXKRD8vgkb,,,,,Bill.com vendor with no matching M2M row.
Unmatched,Exact,"Aerol Co., Inc.",,00901HKWOAAZYKW8vgkd,,,,,Bill.com vendor with no matching M2M row.
Unmatched,Exact,AF Sustainment Small Business,,00901ITJXHOMJYC8vgke,,,,,Bill.com vendor with no matching M2M row.
Unmatched,Exact,AFCO Insurance Premium Finance,,00901QJOVSBEFXU8vgkf,,,,,Bill.com vendor with no matching M2M row.
Unmatched,Exact,AFT Fasteners,,00901GGEASXZTOE8vgkg,,,,,Bill.com vendor with no matching M2M row.
Unmatched,Exact,"AIE Casters, Inc.",,00901LKRRVTMAJM8vgkh,,,,,Bill.com vendor with no matching M2M row.
Unmatched,Exact,AK Machining,,00901AZWFRNWZAM8vgki,,,,,Bill.com vendor with no matching M2M row.
Unmatched,Exact,Galesburg Electric,,00901BRORHZWIKN8vgg4,,,,,Bill.com vendor with no matching M2M row.
Unmatched,Exact,Garibaldi Mexican Rest.,,00901MHOACHDOLT8vgg5,,,,,Bill.com vendor with no matching M2M row.
Unmatched,Exact,Jose Bellber,,00901ZRFCPHRFQD8vgg6,,,,,Bill.com vendor with no matching M2M row.
Unmatched,Exact,Jose O Farril,,00901CFGZVWNFJA8vgg7,,,,,Bill.com vendor with no matching M2M row.
Unmatched,Exact,Joseph Diaz,,00901VIYQFPFWAX8vgg8,,,,,Bill.com vendor with no matching M2M row.
Unmatched,Exact,Hydraulic Supply,,00901JLIXYLXCUT8vgg9,,,,,Bill.com vendor with no matching M2M row.
Unmatched,Exact,Hypertherm,,00901ZTQFCELTBY8vgga,,,,,Bill.com vendor with no matching M2M row.
Unmatched,Exact,Iden Trust Services,,00901YYMHZAOPFF8vggb,,,,,Bill.com vendor with no matching M2M row.
Unmatched,Exact,EIG Constant Contact Co.,,00901XFDKNKCCZG8vggc,,,,,Bill.com vendor with no matching M2M row.
Unmatched,Exact,El Cazador,,00901ADWTHXIELB8vggd,,,,,Bill.com vendor with no matching M2M row.
Unmatched,Exact,Alamo,,00901QHKLMNASTY8vgkj,,,,,Bill.com vendor with no matching M2M row.
Unmatched,Exact,Alaska Airlines,,00901AUIHLTMAQQ8vgkk,,,,,Bill.com vendor with no matching M2M row.
Unmatched,Exact,Ales Steakhouse,,00901RLHMDICWFX8vgkl,,,,,Bill.com vendor with no matching M2M row.
Unmatched,Exact,Alex Golden,,00901ULEVWKDFHW8vgkm,,,,,Bill.com vendor with no matching M2M row.
Unmatched,Exact,Alibaba.com,,00901HJCOJYHYAP8vgkn,,,,,Bill.com vendor with no matching M2M row.
Unmatched,Exact,Aliexpress.com,,00901ZOGBNVMTGA8vgko,,,,,Bill.com vendor with no matching M2M row.
Unmatched,Exact,Armed Steel,,00901RQOWWEJCQB8vgkq,,,,,Bill.com vendor with no matching M2M row.
Unmatched,Exact,Array Enterprises,,00901WOYVGIYLSY8vgkr,,,,,Bill.com vendor with no matching M2M row.
Unmatched,Exact,AudioBooksNow,,00901STQXEUVFOH8vgks,,,,,Bill.com vendor with no matching M2M row.
Unmatched,Exact,Auntie Anne's,,00901IRYESTQJOS8vgkt,,,,,Bill.com vendor with no matching M2M row.
Unmatched,Exact,El Rincon,,00901WQQKBIORKZ8vgge,,,,,Bill.com vendor with no matching M2M row.
Unmatched,Exact,Elaine's Custom Sewing,,00901DWKGTYCTZG8vggf,,,,,Bill.com vendor with no matching M2M row.
Unmatched,Exact,Geisler Company,,00901JRVYTPFUMH8vggj,,,,,Bill.com vendor with no matching M2M row.
Unmatched,Exact,Joseph Stacy CAD Services,,00901QBUFMEKHVN8vggk,,,,,Bill.com vendor with no matching M2M row.
Unmatched,Exact,Justice Bearing,,00901BZETUBDTUK8vggl,,,,,Bill.com vendor with no matching M2M row.
Unmatched,Exact,IHOP,,00901AYLPQVDSTH8vggm,,,,,Bill.com vendor with no matching M2M row.
Unmatched,Exact,IMSM,,00901HOLNMKWUNN8vggn,,,,,Bill.com vendor with no matching M2M row.
Unmatched,Exact,Autodesk,,00901DIBEBNCIXP8vgku,,,,,Bill.com vendor with no matching M2M row.
Unmatched,Exact,CheapOair,,00901DNSVBSEEBY8vgkv,,,,,Bill.com vendor with no matching M2M row.
Unmatched,Exact,Astro Aluminum Treating Co.,,00901FOBXYLSQPC8vgkw,,,,,Bill.com vendor with no matching M2M row.
Unmatched,Exact,AT&T Uverse,,00901QGSUXIBDUE8vgkx,,,,,Bill.com vendor with no matching M2M row.
Unmatched,Exact,Chesapeake Distributing Co.,,00901LWVTJJABTO8vgky,,,,,Bill.com vendor with no matching M2M row.
Unmatched,Exact,Chevron,,00901ZYDQSDXQUU8vgkz,,,,,Bill.com vendor with no matching M2M row.
Unmatched,Exact,Blaylock Gasket & Packing,,00901DOTFUPSQIO8vgl0,,,,,Bill.com vendor with no matching M2M row.
Unmatched,Exact,"Blend Supply, Ltd",,00901CHJDJUBVAV8vgl1,,,,,Bill.com vendor with no matching M2M row.
Unmatched,Exact,APC Components,,00901GXRJFITYUL8vgl2,,,,,Bill.com vendor with no matching M2M row.
Unmatched,Exact,Apollo.io,,00901ZVWKEMXOAM8vgl3,,,,,Bill.com vendor with no matching M2M row.
Unmatched,Exact,Indiana Gratings inc,,00901RVVFHWSPMD8vggo,,,,,Bill.com vendor with no matching M2M row.
Unmatched,Exact,Expedia,,00901ATTQXCFOYL8vggp,,,,,Bill.com vendor with no matching M2M row.
Unmatched,Exact,"Expeditors Intl of WA, Inc.",,00901LVRVBJHCIK8vggq,,,,,Bill.com vendor with no matching M2M row.
Unmatched,Exact,Extended Stay,,00901JGZEJXATCO8vggr,,,,,Bill.com vendor with no matching M2M row.
Unmatched,Exact,Kasey Officer-Duncan,,00901ASLRTWXQNI8vggt,,,,,Bill.com vendor with no matching M2M row.
Unmatched,Exact,Indiana Stamp Co.,,00901HSVLQZZNGH8vggu,,,,,Bill.com vendor with no matching M2M row.
Unmatched,Exact,Informa Tradeshow,,00901WSSKFUKFTL8vggw,,,,,Bill.com vendor with no matching M2M row.
Unmatched,Exact,Instacart,,00901FLVTCNFSQK8vggx,,,,,Bill.com vendor with no matching M2M row.
Unmatched,Exact,American Airlines,,00901AEVKNXTBYB8vgl4,,,,,Bill.com vendor with no matching M2M row.
Unmatched,Exact,American Material,,00901YRKCDTNKIO8vgl5,,,,,Bill.com vendor with no matching M2M row.
Unmatched,Exact,American National Standards Institute,,00901ZBBMNDIGID8vgl6,,,,,Bill.com vendor with no matching M2M row.
Unmatched,Exact,American Permalight,,00901GSCCFXNFTO8vgl7,,,,,Bill.com vendor with no matching M2M row.
Unmatched,Exact,American Small Manufacturing,,00901BOMNUSVGKI8vgl8,,,,,Bill.com vendor with no matching M2M row.
Unmatched,Exact,American Waterjet,,00901WYJQHAKZPC8vgl9,,,,,Bill.com vendor with no matching M2M row.
Unmatched,Exact,AMEX Merchant Account,,00901QVSENOQJKN8vgla,,,,,Bill.com vendor with no matching M2M row.
Unmatched,Exact,Angel Candelaria,,00901ZHUDUGKDRK8vglb,,,,,Bill.com vendor with no matching M2M row.
Unmatched,Exact,Anodizing Graphics,,00901VMVJASVGSM8vglc,,,,,Bill.com vendor with no matching M2M row.
Unmatched,Exact,Anthony's Pizza,,00901EUBLCCCADU8vgld,,,,,Bill.com vendor with no matching M2M row.
Unmatched,Exact,American Society of Administrative Professionals,,00901QYKLAVQTGF8vgcq,,,,,Bill.com vendor with no matching M2M row.
Unmatched,Exact,InstaCheckin,,00901MWFYSVJYAE8vggy,,,,,Bill.com vendor with no matching M2M row.
Unmatched,Exact,ExxonMobil,,00901FOCEEWAWKE8vggz,,,,,Bill.com vendor with no matching M2M row.
Unmatched,Exact,"Gerald Schwartz, Inc.",,00901XBHICCTSSW8vgh0,,,,,Bill.com vendor with no matching M2M row.
Unmatched,Exact,Giocom Sourcing,,00901OGAZFOENEV8vgh1,,,,,Bill.com vendor with no matching M2M row.
Unmatched,Exact,Gleman & Sons,,00901CYKDLSIOIQ8vgh2,,,,,Bill.com vendor with no matching M2M row.
Unmatched,Exact,Goldenrule Insurance,,00901QWVTYKPNZH8vgh3,,,,,Bill.com vendor with no matching M2M row.
Unmatched,Exact,Gordon Brush,,00901MZFQQRJETB8vgh4,,,,,Bill.com vendor with no matching M2M row.
Unmatched,Exact,Government Accountability Office (GAO),,00901EWESJGWUWS8vgh5,,,,,Bill.com vendor with no matching M2M row.
Unmatched,Exact,Invoice2Go,,00901RZJMFCDOXF8vgh6,,,,,Bill.com vendor with no matching M2M row.
Unmatched,Exact,Chemsol,,00901EPWPYTUUUL8vgle,,,,,Bill.com vendor with no matching M2M row.
Unmatched,Exact,Chick-fil-A,,00901NDRKHFFOCU8vglf,,,,,Bill.com vendor with no matching M2M row.
Unmatched,Exact,Chili's,,00901UZKJAWUUFH8vglg,,,,,Bill.com vendor with no matching M2M row.
Unmatched,Exact,China Harbor,,00901OSGWIALLXK8vglh,,,,,Bill.com vendor with no matching M2M row.
Unmatched,Exact,Aramark Anaheim Convention Center,,00901VHWQYUAQFH8vgli,,,,,Bill.com vendor with no matching M2M row.
Unmatched,Exact,Aramark Boeing,,00901JRUWXBVSXW8vglj,,,,,Bill.com vendor with no matching M2M row.
Unmatched,Exact,Arco Gas Station,,00901HUQBUGJIQU8vglk,,,,,Bill.com vendor with no matching M2M row.
Unmatched,Exact,BP Gas,,00901BBPGEQJEOW8vgln,,,,,Bill.com vendor with no matching M2M row.
Unmatched,Exact,Asian Chao,,00901XCOGYAEUCM8vglo,,,,,Bill.com vendor with no matching M2M row.
Unmatched,Exact,Hertz Rental Car,,00901TOMUDEKXZJ8vgcr,,,,,Bill.com vendor with no matching M2M row.
Unmatched,Exact,Hill's Welding,,00901KCAPBNWBTI8vgcs,,,,,Bill.com vendor with no matching M2M row.
Unmatched,Exact,"CSS Clean Star Service of Central FL, Inc",,00901GBMKNPATEV8vgct,,,,,Bill.com vendor with no matching M2M row.
Unmatched,Exact,Dell,,00901OYNLUFMTRB8vgcu,,,,,Bill.com vendor with no matching M2M row.
Unmatched,Exact,Delmaco,,00901BCIUUTHGGN8vgcv,,,,,Bill.com vendor with no matching M2M row.
Unmatched,Exact,Delta Air,,00901EYBRFIHIOZ8vgcw,,,,,Bill.com vendor with no matching M2M row.
Unmatched,Exact,Dennys,,00901HBHGDUDKCW8vgcx,,,,,Bill.com vendor with no matching M2M row.
Unmatched,Exact,FreshFood,,00901RTTMSCFZNW8vgcy,,,,,Bill.com vendor with no matching M2M row.
Unmatched,Exact,Keke's Breakfast,,00901IKOZOHHOMA8vgd0,,,,,Bill.com vendor with no matching M2M row.
Unmatched,Exact,IR Waterjet,,00901OOOTTDEFOC8vgh8,,,,,Bill.com vendor with no matching M2M row.
Unmatched,Exact,Irvan-Smith Inc.,,00901ATXIKBLFCP8vgh9,,,,,Bill.com vendor with no matching M2M row.
Unmatched,Exact,Comp Air Services Co,,00901DVPVQUXIAL8vgha,,,,,Bill.com vendor with no matching M2M row.
Unmatched,Exact,Facebook,,00901HZDPXTZTSX8vghb,,,,,Bill.com vendor with no matching M2M row.
Unmatched,Exact,Fairfield Inn,,00901WIQZGPQKAZ8vghc,,,,,Bill.com vendor with no matching M2M row.
Unmatched,Exact,Fastenere,,00901GGJDUKIGZH8vghd,,,,,Bill.com vendor with no matching M2M row.
Unmatched,Exact,Graybar,,00901FWTSVZLNCJ8vghe,,,,,Bill.com vendor with no matching M2M row.
Unmatched,Exact,Greater Orlando HR Mgmt,,00901JBOSYWIVBE8vghf,,,,,Bill.com vendor with no matching M2M row.
Unmatched,Exact,Gulf Coast Nut & Bolt,,00901DXJTNFTWVS8vghg,,,,,Bill.com vendor with no matching M2M row.
Unmatched,Exact,Intuit Merchant Services,,00901OTETSJJFEU8vghh,,,,,Bill.com vendor with no matching M2M row.
Unmatched,Exact,"ASMC Industrial, LLC",,00901KNKVKIIFFI8vglp,,,,,Bill.com vendor with no matching M2M row.
Unmatched,Exact,"Assembly Fasteners, Inc.",,00901DYWSIZXJIF8vglq,,,,,Bill.com vendor with no matching M2M row.
Unmatched,Exact,Avast,,00901WFYIXYRZUY8vgls,,,,,Bill.com vendor with no matching M2M row.
Unmatched,Exact,Aviation Association,,00901VDBBZWJPQS8vglt,,,,,Bill.com vendor with no matching M2M row.
Unmatched,Exact,Aviation Chemical Solutions,,00901BCQNSEMEWK8vglu,,,,,Bill.com vendor with no matching M2M row.
Unmatched,Exact,Aviation Chemical Solutions Avlab,,00901PGDGYRNPTV8vglv,,,,,Bill.com vendor with no matching M2M row.
Unmatched,Exact,Avis Rent A Car,,00901WPRCFEXYHX8vglw,,,,,Bill.com vendor with no matching M2M row.
Unmatched,Exact,Barbaro Villalon,,00901EVREUTWFBQ8vgly,,,,,Bill.com vendor with no matching M2M row.
Unmatched,Exact,Florida Department of Transportation,,00901ETVZVVLVEN8vgd1,,,,,Bill.com vendor with no matching M2M row.
Unmatched,Exact,Florida Industrial Scale Co.,,00901VSJSDWUCXJ8vgd2,,,,,Bill.com vendor with no matching M2M row.
Unmatched,Exact,E-Pass,,00901IFILXDQGXO8vgd3,,,,,Bill.com vendor with no matching M2M row.
Unmatched,Exact,E-Rigging.com,,00901VUWKSHJARD8vgd5,,,,,Bill.com vendor with no matching M2M row.
Unmatched,Exact,E-Trailer,,00901OWLJIGZPRP8vgd6,,,,,Bill.com vendor with no matching M2M row.
Unmatched,Exact,Custom Rubber Stamp Company,,00901CGQYCOAQAY8vgd7,,,,,Bill.com vendor with no matching M2M row.
Unmatched,Exact,CZ Keglers,,00901UNKTBAXPYC8vgd8,,,,,Bill.com vendor with no matching M2M row.
Unmatched,Exact,DG Federal Procurement Advisors,,00901AJWAJKLLTM8vgd9,,,,,Bill.com vendor with no matching M2M row.
Unmatched,Exact,DGR Industrial Products,,00901LGLHCGZCPU8vgda,,,,,Bill.com vendor with no matching M2M row.
Unmatched,Exact,Intuit Payroll,,00901CETSLODYOR8vghi,,,,,Bill.com vendor with no matching M2M row.
Unmatched,Exact,Intuit Quickbooks,,00901HKUZMENWIP8vghj,,,,,Bill.com vendor with no matching M2M row.
Unmatched,Exact,Fedspecs,,00901DIYUUKXZIG8vghk,,,,,Bill.com vendor with no matching M2M row.
Unmatched,Exact,Fence Supply Inc.,,00901IUDLPNDWIW8vghl,,,,,Bill.com vendor with no matching M2M row.
Unmatched,Exact,Connie Duglin,,00901FQNHJKGEMJ8vghn,,,,,Bill.com vendor with no matching M2M row.
Unmatched,Exact,Faucet Depot,,00901XYGLJMKPLU8vgho,,,,,Bill.com vendor with no matching M2M row.
Unmatched,Exact,Favorite Broker Real Estate,,00901SWDQYJWLDF8vghp,,,,,Bill.com vendor with no matching M2M row.
Unmatched,Exact,Gutter Masters,,00901ZILAHDWMXZ8vghq,,,,,Bill.com vendor with no matching M2M row.
Unmatched,Exact,H & M South,,00901VAKHZEKCNZ8vghr,,,,,Bill.com vendor with no matching M2M row.
Unmatched,Exact,Barcode Inc,,00901HGFDXVVDIK8vglz,,,,,Bill.com vendor with no matching M2M row.
Unmatched,Exact,Barr Equipment,,00901YYSDYGZWYU8vgm0,,,,,Bill.com vendor with no matching M2M row.
Unmatched,Exact,BATL Orlando,,00901YLJZOKVZAW8vgm1,,,,,Bill.com vendor with no matching M2M row.
Unmatched,Exact,Batteries Plus,,00901CQUTJUEAPG8vgm2,,,,,Bill.com vendor with no matching M2M row.
Unmatched,Exact,Battery2Batteries.com,,00901IEGVGHHUBA8vgm3,,,,,Bill.com vendor with no matching M2M row.
Unmatched,Exact,BB&T Visa AL,,00901UKYJSJYZDX8vgm4,,,,,Bill.com vendor with no matching M2M row.
Unmatched,Exact,BB&T/Truist,,00901GIVDZDGXMG8vgm5,,,,,Bill.com vendor with no matching M2M row.
Unmatched,Exact,BP Products,,00901HPWLOBNSSD8vgm6,,,,,Bill.com vendor with no matching M2M row.
Unmatched,Exact,Joy Aviation Supply,,00901DBMXTPAWZC8vd2g,,,,,Bill.com vendor with no matching M2M row.
Unmatched,Exact,InXpress,,00901XQJJRRNGXM8vd2h,,,,,Bill.com vendor with no matching M2M row.
Unmatched,Exact,"Jet-Tek, LLC",,00901WCOUHIFJGB8vd2j,,,,,Bill.com vendor with no matching M2M row.
Unmatched,Exact,"JETechnology Solutions, Inc",,00901IUUGWFDLZU8vd2k,,,,,Bill.com vendor with no matching M2M row.
Unmatched,Exact,Lexco Cable,,00901UFLNJCRWZY8vd2m,,,,,Bill.com vendor with no matching M2M row.
Unmatched,Exact,Technology for Energy Corp.,,00901XFOMAQVRUH8vd5j,,,,,Bill.com vendor with no matching M2M row.
Unmatched,Exact,American AED,,00901FAOUXMWKTY8vd5k,,,,,Bill.com vendor with no matching M2M row.
Unmatched,Exact,H A Guden,,00901BRLRQIUADQ8vd5l,,,,,Bill.com vendor with no matching M2M row.
Unmatched,Exact,HA Guden,,00901JJQKIWGXCR8vd5m,,,,,Bill.com vendor with no matching M2M row.
Unmatched,Exact,Locksmith & Garage Service,,00901RKQWPMCXXW8vd5n,,,,,Bill.com vendor with no matching M2M row.
Unmatched,Exact,Sicta Budget,,00901PDZIYZPTNN8vd5o,,,,,Bill.com vendor with no matching M2M row.
Unmatched,Exact,Sonco Perimeter Security,,00901TTVOGWWEKP8vd5p,,,,,Bill.com vendor with no matching M2M row.
Unmatched,Exact,Stott Bolt & Supply,,00901PHGQEYGFSA8vd5q,,,,,Bill.com vendor with no matching M2M row.
Unmatched,Exact,Manufacturers Assn of Central FL,,00901IWJQGNCTSA8vd8l,,,,,Bill.com vendor with no matching M2M row.
Unmatched,Exact,Totally Promotional,,00901OBBQNAZRLK8vd8n,,,,,Bill.com vendor with no matching M2M row.
Unmatched,Exact,"Mahr, Inc.",,00901TNWLIKOIBY8vd8o,,,,,Bill.com vendor with no matching M2M row.
Unmatched,Exact,"AM Metal Finishing, Inc.",,00901IRRWFLNMXE8vd8p,,,,,Bill.com vendor with no matching M2M row.
Unmatched,Exact,Constant Contact,,00901DYNLAQYTIL8vd8r,,,,,Bill.com vendor with no matching M2M row.
Unmatched,Exact,Sodick Inc.,,00901TJLMODHBRW8vd8s,,,,,Bill.com vendor with no matching M2M row.
Unmatched,Exact,Informa Media / Aviation,,00901GIZTMSSSLE8vdbk,,,,,Bill.com vendor with no matching M2M row.
Unmatched,Exact,red-d-arc,,00901WYSIMAOYMV8vdbl,,,,,Bill.com vendor with no matching M2M row.
Unmatched,Exact,incertec,,00901CKHYCCAYJL8vdbm,,,,,Bill.com vendor with no matching M2M row.
Unmatched,Exact,Spectrum Business,,00901PWFDQNGMZY8vdbn,,,,,Bill.com vendor with no matching M2M row.
Unmatched,Exact,AT&T,,00901MTHQPWQMGL8vdbo,,,,,Bill.com vendor with no matching M2M row.
Unmatched,Exact,Peerless Aerospace Fastener Corp.,,00901GBJXSJGUSH8vdbq,,,,,Bill.com vendor with no matching M2M row.
Unmatched,Exact,Angle Insurance,,00901TUDLIUKPWP8vdea,,,,,Bill.com vendor with no matching M2M row.
Unmatched,Exact,AGENCY ANALYTICS,,00901TOULPVVDVF8vdeb,,,,,Bill.com vendor with no matching M2M row.
Unmatched,Exact,GM Financial,,00901GTQTQWYWCR8vdec,,,,,Bill.com vendor with no matching M2M row.
Unmatched,Exact,Duke Energy,,00901FKLYYZUKAU8vded,,,,,Bill.com vendor with no matching M2M row.
Unmatched,Exact,"Wells Fargo Bank, NA - Forklift",,00901JYSLICZXBV8vdee,,,,,Bill.com vendor with no matching M2M row.
Unmatched,Exact,Transamerican Insurance,,00901VMXYYOHEHZ8vdef,,,,,Bill.com vendor with no matching M2M row.
Unmatched,Exact,United of Omaha Life Insurance,,00901IMJIVKLORD8vdeg,,,,,Bill.com vendor with no matching M2M row.
Unmatched,Exact,"LeMetra Investments, LLC.",,00901BKFQRFBMUH8vdei,,,,,Bill.com vendor with no matching M2M row.
Unmatched,Exact,Mahrs Air & Heat,,00901UUQKTYVZBN8vd2q,,,,,Bill.com vendor with no matching M2M row.
Unmatched,Exact,Wichita Airport Hotel,,00901AOJGQMISSY8vd5s,,,,,Bill.com vendor with no matching M2M row.
Unmatched,Exact,The Lee Company,,00901WURVIVELIK8vd8t,,,,,Bill.com vendor with no matching M2M row.
Unmatched,Exact,Ametek,,00901LWDXFRVDCI8vdbt,,,,,Bill.com vendor with no matching M2M row.
Unmatched,Exact,Small Business Administration,,00901XMBDDSUMPF8vdek,,,,,Bill.com vendor with no matching M2M row.
Unmatched,Exact,D&C Parking Lot Maintenance Inc.,,00901XHMOTUFYET8vczy,,,,,Bill.com vendor with no matching M2M row.
Unmatched,Exact,Z Promotions,,00901HCADPPISTV8vczz,,,,,Bill.com vendor with no matching M2M row.
Unmatched,Exact,Sunglo Machining & Metal Finishing,,00901LNAAHWLVOS8vd01,,,,,Bill.com vendor with no matching M2M row.
Unmatched,Exact,DK Hardware,,00901JXSGTQHFEL8vd03,,,,,Bill.com vendor with no matching M2M row.
Unmatched,Exact,Fastest Labs,,00901ICIJBELGEU8vd06,,,,,Bill.com vendor with no matching M2M row.
Unmatched,Exact,miMotion,,00901EMRVPFJKRT8vd2r,,,,,Bill.com vendor with no matching M2M row.
Unmatched,Exact,Misc Vendor (incl vend name in desc/ref),,00901VOTKUBJUPX8vd2s,,,,,Bill.com vendor with no matching M2M row.
Unmatched,Exact,My Fax,,00901RYUXHXLGSX8vd2t,,,,,Bill.com vendor with no matching M2M row.
Unmatched,Exact,Micro Measurements,,00901UCJXJRFLES8vd2v,,,,,Bill.com vendor with no matching M2M row.
Unmatched,Exact,Marking Methods,,00901VNXNEYNJTW8vd2y,,,,,Bill.com vendor with no matching M2M row.
Unmatched,Exact,Acme Industries,,00901ZHILYGXQWJ8vd30,,,,,Bill.com vendor with no matching M2M row.
Unmatched,Exact,Central Florida Expressway Authority,,00901TUKCFPRWPM8vd5t,,,,,Bill.com vendor with no matching M2M row.
Unmatched,Exact,Fabtech*,,00901ZULYMDZGVS8vd5u,,,,,Bill.com vendor with no matching M2M row.
Unmatched,Exact,Aliexpress,,00901SVEXXOUOOM8vd5v,,,,,Bill.com vendor with no matching M2M row.
Unmatched,Exact,Experian Small Business,,00901GLVRSMCYCN8vd5w,,,,,Bill.com vendor with no matching M2M row.
Unmatched,Exact,United Airlines.,,00901QUPWOEXCMP8vd5y,,,,,Bill.com vendor with no matching M2M row.
Unmatched,Exact,Best Western,,00901SPPQYCBILX8vd5z,,,,,Bill.com vendor with no matching M2M row.
Unmatched,Exact,JW Winco,,00901FNRPFQXREA8vd60,,,,,Bill.com vendor with no matching M2M row.
Unmatched,Exact,"Pro Concrete Cutting, LLC",,00901BGIGBRWWHC8vd62,,,,,Bill.com vendor with no matching M2M row.
Unmatched,Exact,Auto-Owners Insurance,,00901NXGSLFWMHH8vd8u,,,,,Bill.com vendor with no matching M2M row.
Unmatched,Exact,Century Spring Corp.,,00901SWLNTNVKPR8vd8v,,,,,Bill.com vendor with no matching M2M row.
Unmatched,Exact,ANSI,,00901YCTCXDQFBV8vd8x,,,,,Bill.com vendor with no matching M2M row.
Unmatched,Exact,Broadvoice,,00901TBVZWZSFNT8vd8z,,,,,Bill.com vendor with no matching M2M row.
Unmatched,Exact,CDW Corporation,,00901KGTOUMHNYI8vd90,,,,,Bill.com vendor with no matching M2M row.
Unmatched,Exact,Optisolutions LLC,,00901MTXQPDRHSZ8vd92,,,,,Bill.com vendor with no matching M2M row.
Unmatched,Exact,Cignys,,00901XZHIUQQXXD8vdbv,,,,,Bill.com vendor with no matching M2M row.
Unmatched,Exact,George F Young,,00901CEQTIEZUUE8vdbw,,,,,Bill.com vendor with no matching M2M row.
Unmatched,Exact,dynamic non-destructive testing inc.,,00901ZLEFVFTMIG8vdby,,,,,Bill.com vendor with no matching M2M row.
Unmatched,Exact,MRO Americas 2022,,00901JYNPTGSYLF8vdc0,,,,,Bill.com vendor with no matching M2M row.
Unmatched,Exact,Terminix,,00901BEYXGXOKNX8vdc1,,,,,Bill.com vendor with no matching M2M row.
Unmatched,Exact,Total Quality Logistics,,00901ZSKAKPZVQP8vdc2,,,,,Bill.com vendor with no matching M2M row.
Unmatched,Exact,Seacoast Leasing*,,00901RSQCSDDNWV8vdel,,,,,Bill.com vendor with no matching M2M row.
Unmatched,Exact,American Society of Safety Professionals,,00901BDZAKSIKVR8vdem,,,,,Bill.com vendor with no matching M2M row.
Unmatched,Exact,APPLE,,00901WDWVCWTFBZ8vden,,,,,Bill.com vendor with no matching M2M row.
Unmatched,Exact,LAKE MARY EYE CARE,,00901MDOZVFJXUR8vdep,,,,,Bill.com vendor with no matching M2M row.
Unmatched,Exact,Seacoast National Bank,,00901VMEKWZFVCF8vdeq,,,,,Bill.com vendor with no matching M2M row.
Unmatched,Exact,Fathom,,00901AZKLNFVNUD8vd07,,,,,Bill.com vendor with no matching M2M row.
Unmatched,Exact,Florida Division of Corporations,,00901FCQOPAPEXM8vd08,,,,,Bill.com vendor with no matching M2M row.
Unmatched,Exact,Neuco Distributors,,00901NTLGJKPCHQ8vd31,,,,,Bill.com vendor with no matching M2M row.
Unmatched,Exact,Nova Manufactoring,,00901AVHRBRDAPZ8vd34,,,,,Bill.com vendor with no matching M2M row.
Unmatched,Exact,Orbitz,,00901JPPDXMOKUI8vd37,,,,,Bill.com vendor with no matching M2M row.
Unmatched,Exact,Orlando Laser Engraving,,00901MVHUWROKYY8vd38,,,,,Bill.com vendor with no matching M2M row.
Unmatched,Exact,PCA,,00901SNDDZGLSVF8vd39,,,,,Bill.com vendor with no matching M2M row.
Unmatched,Exact,Generic Vendor,,00901GFQEQXCKWY8vd63,,,,,Bill.com vendor with no matching M2M row.
Unmatched,Exact,Embassy Suites,,00901FCGFECRJYD8vd64,,,,,Bill.com vendor with no matching M2M row.
Unmatched,Exact,Mapco Express,,00901VRABLDPWIT8vd65,,,,,Bill.com vendor with no matching M2M row.
Unmatched,Exact,T-Mobile / Sprint,,00901WRBBXDPYYJ8vd66,,,,,Bill.com vendor with no matching M2M row.
Unmatched,Exact,A Sun State Trees,,00901DGITECDDXS8vd67,,,,,Bill.com vendor with no matching M2M row.
Unmatched,Exact,UPS Freight,,00901KZNQBJVIFF8vd68,,,,,Bill.com vendor with no matching M2M row.
Unmatched,Exact,Ace Welding Fabrication,,00901PBHNVSGVCA8vd69,,,,,Bill.com vendor with no matching M2M row.
Unmatched,Exact,Courses by Ziplines,,00901QPLTPCIIOW8vd6a,,,,,Bill.com vendor with no matching M2M row.
Unmatched,Exact,Ogden Eccles Conference,,00901JHBUUWKWCV8vd6b,,,,,Bill.com vendor with no matching M2M row.
Unmatched,Exact,Sams Club,,00901GIIFNJYNYF8vd6c,,,,,Bill.com vendor with no matching M2M row.
Unmatched,Exact,First Express Logistics Inc.,,00901WVAFAXOPZZ8vd94,,,,,Bill.com vendor with no matching M2M row.
Unmatched,Exact,ADAFruit Electronics,,00901XQIDILJWGT8vd95,,,,,Bill.com vendor with no matching M2M row.
Unmatched,Exact,BT Events,,00901THNAJRMXAF8vd96,,,,,Bill.com vendor with no matching M2M row.
Unmatched,Exact,DLX for Small Business,,00901NNHHRURBNO8vd97,,,,,Bill.com vendor with no matching M2M row.
Unmatched,Exact,Four Seasons,,00901UCKXGJFBFQ8vd98,,,,,Bill.com vendor with no matching M2M row.
Unmatched,Exact,JP Display,,00901YEIWKJNZWL8vd9a,,,,,Bill.com vendor with no matching M2M row.
Unmatched,Exact,JS Display,,00901ETPIZIETFQ8vd9b,,,,,Bill.com vendor with no matching M2M row.
Unmatched,Exact,SAE International Web,,00901RCPKSEHPES8vd9c,,,,,Bill.com vendor with no matching M2M row.
Unmatched,Exact,UPS,,00901CFPKGIYUXI8vdc5,,,,,Bill.com vendor with no matching M2M row.
Unmatched,Exact,Aloft Tallahassee Downtown,,00901RUUWFTJNRU8vdc6,,,,,Bill.com vendor with no matching M2M row.
Unmatched,Exact,Bitly,,00901ICWSHIHJXF8vdc7,,,,,Bill.com vendor with no matching M2M row.
Unmatched,Exact,FL CHARITY GOLF EVENTS,,00901DARTUEZJYN8vdc8,,,,,Bill.com vendor with no matching M2M row.
Unmatched,Exact,Zaxby's,,00901YFRJCTNBBI8vdc9,,,,,Bill.com vendor with no matching M2M row.
Unmatched,Exact,ZENWORK - 1099TAX,,00901PQCQTRRWRU8vdca,,,,,Bill.com vendor with no matching M2M row.
Unmatched,Exact,Survey Monkey,,00901LHEBUSERLS8vdeu,,,,,Bill.com vendor with no matching M2M row.
Unmatched,Exact,Penn Stainless Products,,00901ZMEHUMVOJN8vdev,,,,,Bill.com vendor with no matching M2M row.
Unmatched,Exact,"Aerotek, Inc",,00901XUTAEKYVGC8vdew,,,,,Bill.com vendor with no matching M2M row.
Unmatched,Exact,T Force Freight,,00901EIUIEFFDUK8vdey,,,,,Bill.com vendor with no matching M2M row.
Unmatched,Exact,Astrea IT Services Private Limited,,00901HBGKZJQCAZ8vdez,,,,,Bill.com vendor with no matching M2M row.
Unmatched,Exact,Peter Bagley,,00901JMEXBQBNPA8vdf1,,,,,Bill.com vendor with no matching M2M row.
Unmatched,Exact,National Space Club,,00901RMJJHNGZSZ8vd09,,,,,Bill.com vendor with no matching M2M row.
Unmatched,Exact,Acme Cap & Branding,,00901WEKMXYODPA8vd0a,,,,,Bill.com vendor with no matching M2M row.
Unmatched,Exact,Creative Signs,,00901WULKRMXNSY8vd0b,,,,,Bill.com vendor with no matching M2M row.
Unmatched,Exact,Precision Grinding Inc.,,00901HFFONHPBQT8vd0d,,,,,Bill.com vendor with no matching M2M row.
Unmatched,Exact,PBExpo LLC,,00901XZPPKRXATY8vd0f,,,,,Bill.com vendor with no matching M2M row.
Unmatched,Exact,Qingdao Jinghong Precision Co.,,00901UFCVJVPXAQ8vd3b,,,,,Bill.com vendor with no matching M2M row.
Unmatched,Exact,Quickturn Engineering,,00901SWYDMVRJAW8vd3c,,,,,Bill.com vendor with no matching M2M row.
Unmatched,Exact,Racetrac,,00901SNPZCNEWVX8vd3e,,,,,Bill.com vendor with no matching M2M row.
Unmatched,Exact,Regiment Logistics,,00901WOGBUQIWRG8vd3f,,,,,Bill.com vendor with no matching M2M row.
Unmatched,Exact,Premier Consulting & Integration,,00901DGLYWSWHGK8vd3i,,,,,Bill.com vendor with no matching M2M row.
Unmatched,Exact,Professional Plastics,,00901DSQRVHYJCM8vd3k,,,,,Bill.com vendor with no matching M2M row.
Unmatched,Exact,"Innotech Laser, LLC",,00901VALQJOJSJE8vd6d,,,,,Bill.com vendor with no matching M2M row.
Unmatched,Exact,Saasant,,00901HFNRLGQAUV8vd6e,,,,,Bill.com vendor with no matching M2M row.
Unmatched,Exact,Turbify,,00901ODJGVELWXJ8vd6f,,,,,Bill.com vendor with no matching M2M row.
Unmatched,Exact,Murphy Gas,,00901HZXGXFFKZL8vd6g,,,,,Bill.com vendor with no matching M2M row.
Unmatched,Exact,Google Ads,,00901ULUFOBMPTW8vd6h,,,,,Bill.com vendor with no matching M2M row.
Unmatched,Exact,Hardware Source,,00901FZVCKXPYKP8vd6i,,,,,Bill.com vendor with no matching M2M row.
Unmatched,Exact,McClure Oil,,00901ROKNWLGQRP8vd6j,,,,,Bill.com vendor with no matching M2M row.
Unmatched,Exact,Aero Rubber Company,,00901FAXNNSVJAG8vd6k,,,,,Bill.com vendor with no matching M2M row.
Unmatched,Exact,"Diversified Bronze Manufacturing, Inc.",,00901XIKUBPVMMF8vd6l,,,,,Bill.com vendor with no matching M2M row.
Unmatched,Exact,"Aero-Hose, Corp.",,00901CQJLKBXSKH8vd6m,,,,,Bill.com vendor with no matching M2M row.
Unmatched,Exact,Slatpro,,00901KAKCOJHXXQ8vd9d,,,,,Bill.com vendor with no matching M2M row.
Unmatched,Exact,SmartSign,,00901JIATGFQGOT8vd9e,,,,,Bill.com vendor with no matching M2M row.
Unmatched,Exact,Thermodyn,,00901QTPKPQAZBW8vd9f,,,,,Bill.com vendor with no matching M2M row.
Unmatched,Exact,Seminole County Tax Collector,,00901ZDDFJNOXIP8vd9g,,,,,Bill.com vendor with no matching M2M row.
Unmatched,Exact,CertifyMe.net,,00901ZIILTFYFDP8vd9h,,,,,Bill.com vendor with no matching M2M row.
Unmatched,Exact,McClure Store,,00901DROBCQNJTU8vd9i,,,,,Bill.com vendor with no matching M2M row.
Unmatched,Exact,SME Events,,00901YSZTMRQKKR8vd9j,,,,,Bill.com vendor with no matching M2M row.
Unmatched,Exact,TST Ambar Chicago,,00901QRVNYZHRIP8vd9k,,,,,Bill.com vendor with no matching M2M row.
Unmatched,Exact,Barajas Concrete BC,,00901IBSLIUPXVL8vd9l,,,,,Bill.com vendor with no matching M2M row.
Unmatched,Exact,Ferguson Enterprises,,00901QCWXSXDGSL8vd9m,,,,,Bill.com vendor with no matching M2M row.
Unmatched,Exact,"Smithers Quality Assessments, Inc.",,00901HXJAEQMPNR8vdcc,,,,,Bill.com vendor with no matching M2M row.
Unmatched,Exact,Online Metals,,00901LFUPUPTBUM8vdcd,,,,,Bill.com vendor with no matching M2M row.
Unmatched,Exact,4Imprint,,00901VQUIFNCBNS8vdcg,,,,,Bill.com vendor with no matching M2M row.
Unmatched,Exact,Commercial Credit Group,,00901DJLXKRODBD8vdch,,,,,Bill.com vendor with no matching M2M row.
Unmatched,Exact,"Level Resources, LLC",,00901FYTOXGBURH8vdf8,,,,,Bill.com vendor with no matching M2M row.
Unmatched,Exact,"Amazon Capital Services, Inc.",,00901YFKUWRBATN8vdf9,,,,,Bill.com vendor with no matching M2M row.
Unmatched,Exact,7-Eleven,,00901RSGJUBKCCT8vd0h,,,,,Bill.com vendor with no matching M2M row.
Unmatched,Exact,Accurate Technology,,00901APXZBWDMQD8vd0i,,,,,Bill.com vendor with no matching M2M row.
Unmatched,Exact,ABSCO Industrial Weighing & Equipment,,00901FQXMXOWMJO8vd0j,,,,,Bill.com vendor with no matching M2M row.
Unmatched,Exact,Adilson Silva,,00901APQCZGRTGZ8vd0l,,,,,Bill.com vendor with no matching M2M row.
Unmatched,Exact,Sareal Entertainment,,00901NLOJSMZIAL8vd3l,,,,,Bill.com vendor with no matching M2M row.
Unmatched,Exact,Seacoast National Bank - Nissan Truck,,00901QMMRCSVQGQ8vd3m,,,,,Bill.com vendor with no matching M2M row.
Unmatched,Exact,Selectwo Machine Company inc.,,00901TQKUVDNDZC8vd3n,,,,,Bill.com vendor with no matching M2M row.
Unmatched,Exact,Sierra Victor Industries,,00901OKONIAQCYB8vd3o,,,,,Bill.com vendor with no matching M2M row.
Unmatched,Exact,Sackett Machine and Repairs,,00901VQUSVHHBIN8vd3p,,,,,Bill.com vendor with no matching M2M row.
Unmatched,Exact,Sam's Club,,00901KVRCSWYLDF8vd3q,,,,,Bill.com vendor with no matching M2M row.
Unmatched,Exact,Sams Gas,,00901ETXHJBFQYE8vd3r,,,,,Bill.com vendor with no matching M2M row.
Unmatched,Exact,Sonny's BBQ,,00901VIYXBUBBPU8vd3t,,,,,Bill.com vendor with no matching M2M row.
Unmatched,Exact,Supplyhouse.com,,00901NUJQAEMDZH8vd3u,,,,,Bill.com vendor with no matching M2M row.
Unmatched,Exact,American Material Handling,,00901ONEPPSPWBW8vd6o,,,,,Bill.com vendor with no matching M2M row.
Unmatched,Exact,Coating Technology,,00901BXOIGHVAVM8vd6p,,,,,Bill.com vendor with no matching M2M row.
Unmatched,Exact,Barajas Concrete,,00901RWHENHFJJJ8vd6q,,,,,Bill.com vendor with no matching M2M row.
Unmatched,Exact,Reed Motors,,00901FBIYVOTPYB8vd6r,,,,,Bill.com vendor with no matching M2M row.
Unmatched,Exact,Trailer Plus,,00901VZNESQBMSA8vd6s,,,,,Bill.com vendor with no matching M2M row.
Unmatched,Exact,Bostick & Sullivan,,00901WNEYQHOKFS8vd6t,,,,,Bill.com vendor with no matching M2M row.
Unmatched,Exact,"Orlando Products, Inc.",,00901MWESQLPJOE8vd6u,,,,,Bill.com vendor with no matching M2M row.
Unmatched,Exact,Helicopter Association International,,00901GKTARSMYGL8vd6v,,,,,Bill.com vendor with no matching M2M row.
Unmatched,Exact,Alliance Travel,,00901ZXVOFYYWGM8vd6w,,,,,Bill.com vendor with no matching M2M row.
Unmatched,Exact,All Weld Products,,00901REPHJYEEUH8vd9n,,,,,Bill.com vendor with no matching M2M row.
Unmatched,Exact,Vishay Measurement,,00901ECWOLRIMDY8vd9p,,,,,Bill.com vendor with no matching M2M row.
Unmatched,Exact,Cozy Suites,,00901WNOHJJTBUE8vd9q,,,,,Bill.com vendor with no matching M2M row.
Unmatched,Exact,Butcher's Nook,,00901FXRSOKPXOX8vd9r,,,,,Bill.com vendor with no matching M2M row.
Unmatched,Exact,Canva US,,00901KPSMDKWGNF8vd9s,,,,,Bill.com vendor with no matching M2M row.
Unmatched,Exact,Discount Zone,,00901CIMSYEBFFN8vd9t,,,,,Bill.com vendor with no matching M2M row.
Unmatched,Exact,Halls on 5th,,00901UDXCCBBMCW8vd9u,,,,,Bill.com vendor with no matching M2M row.
Unmatched,Exact,NCMA,,00901NBNHDHIJSX8vd9v,,,,,Bill.com vendor with no matching M2M row.
Unmatched,Exact,Esteban Rincon,,00901AASYNZKHCN8vd9w,,,,,Bill.com vendor with no matching M2M row.
Unmatched,Exact,SIMS CRANE & EQUIPMENT CO,,00901KQATYIZNAT8vdcn,,,,,Bill.com vendor with no matching M2M row.
Unmatched,Exact,Fire Tech Extinguisher Service & Safety,,00901PKJJVMQCEI8vdco,,,,,Bill.com vendor with no matching M2M row.
Unmatched,Exact,Microsoft Bing,,00901ENDUDDGLOW8vdcq,,,,,Bill.com vendor with no matching M2M row.
Unmatched,Exact,Printels,,00901AANPSPVXVL8vdcr,,,,,Bill.com vendor with no matching M2M row.
Unmatched,Exact,Reddit Inc,,00901UTGVQTZESE8vdcs,,,,,Bill.com vendor with no matching M2M row.
Unmatched,Exact,AirBnB,,00901OHVKHMCVTG8vd0o,,,,,Bill.com vendor with no matching M2M row.
Unmatched,Exact,Allianz Global Assistance,,00901FXJRKIMYWP8vd0p,,,,,Bill.com vendor with no matching M2M row.
Unmatched,Exact,Applied Industrial Technologies,,00901FSLVRSPAFC8vd0r,,,,,Bill.com vendor with no matching M2M row.
Unmatched,Exact,T Force Logistics,,00901BGUGKGEANG8vd3w,,,,,Bill.com vendor with no matching M2M row.
Unmatched,Exact,"Taylor Business Strategies, Inc.",,00901PJHIRCJTDK8vd3x,,,,,Bill.com vendor with no matching M2M row.
Unmatched,Exact,TForce Worldwide,,00901JKQDAYQRQA8vd41,,,,,Bill.com vendor with no matching M2M row.
Unmatched,Exact,Southwest Airlines,,00901MTZZARDZIL8vd42,,,,,Bill.com vendor with no matching M2M row.
Unmatched,Exact,SpecTech USA,,00901HICREQUIQR8vd43,,,,,Bill.com vendor with no matching M2M row.
Unmatched,Exact,SpectroMagic,,00901KCVQPSLHHD8vd44,,,,,Bill.com vendor with no matching M2M row.
Unmatched,Exact,Tuli-Shop,,00901XCJRRAZAQB8vd6x,,,,,Bill.com vendor with no matching M2M row.
Unmatched,Exact,Google Services,,00901BKIXJWYSMC8vd6y,,,,,Bill.com vendor with no matching M2M row.
Unmatched,Exact,All Pro Rigging,,00901CMVEVLIHNU8vd6z,,,,,Bill.com vendor with no matching M2M row.
Unmatched,Exact,Burr Insurance LLC,,00901GBZNMHLYJQ8vd70,,,,,Bill.com vendor with no matching M2M row.
Unmatched,Exact,Cengage Learning,,00901SANWAVFSZF8vd71,,,,,Bill.com vendor with no matching M2M row.
Unmatched,Exact,Dale Carnegie,,00901ACKRQDDCIJ8vd72,,,,,Bill.com vendor with no matching M2M row.
Unmatched,Exact,Dale Carnegie Digital,,00901KLMVJQJITM8vd73,,,,,Bill.com vendor with no matching M2M row.
Unmatched,Exact,Tampa International Airport,,00901HZBWOMIZEB8vd74,,,,,Bill.com vendor with no matching M2M row.
Unmatched,Exact,Zoom.com,,00901XIITEZIKDC8vd75,,,,,Bill.com vendor with no matching M2M row.
Unmatched,Exact,CliftonLarsonAllen LLP,,00901RRXGBEWBYR8vd9y,,,,,Bill.com vendor with no matching M2M row.
Unmatched,Exact,Melio,,00901ISFUUHYLCE8vd9z,,,,,Bill.com vendor with no matching M2M row.
Unmatched,Exact,Speedpro Orlando South,,00901DRLVKWJOZT8vda0,,,,,Bill.com vendor with no matching M2M row.
Unmatched,Exact,Gravity Forms,,00901BASTCBFXUT8vda2,,,,,Bill.com vendor with no matching M2M row.
Unmatched,Exact,Erratic Ink,,00901JGKLIEJIIV8vda4,,,,,Bill.com vendor with no matching M2M row.
Unmatched,Exact,Joseph T. Ryerson & Son,,00901IAAKGFOHSC8vdcx,,,,,Bill.com vendor with no matching M2M row.
Unmatched,Exact,Optisolutions,,00901OFXOTEEETW8vdcy,,,,,Bill.com vendor with no matching M2M row.
Unmatched,Exact,Stericycle*,,00901VYNQMXOWBC8vdd1,,,,,Bill.com vendor with no matching M2M row.
Unmatched,Exact,Stericycle,,00901VTIACCOMHQ8vdd2,,,,,Bill.com vendor with no matching M2M row.
Unmatched,Exact,Attilio Jose Jorge DiProfio,,00901ABFPPQWFHO8vd0v,,,,,Bill.com vendor with no matching M2M row.
Unmatched,Exact,Barton Mines Company,,00901JUFPEVSJXO8vd0w,,,,,Bill.com vendor with no matching M2M row.
Unmatched,Exact,BB&T TRUIST LOC,,00901TGZEMBLRNB8vd0x,,,,,Bill.com vendor with no matching M2M row.
Unmatched,Exact,Baker's Gas & Welding Supplies,,00901VESKMNZPID8vd10,,,,,Bill.com vendor with no matching M2M row.
Unmatched,Exact,Benchmark,,00901DFRSQBTBCM8vd11,,,,,Bill.com vendor with no matching M2M row.
Unmatched,Exact,TQL,,00901ENEUPHUDQC8vd48,,,,,Bill.com vendor with no matching M2M row.
Unmatched,Exact,Truist Item Processing Center,,00901EIBFUGYXEU8vd49,,,,,Bill.com vendor with no matching M2M row.
Unmatched,Exact,Universal Enrollment,,00901WUALKYNZTQ8vd4b,,,,,Bill.com vendor with no matching M2M row.
Unmatched,Exact,Universal Metals,,00901GBOSGQAUIG8vd4c,,,,,Bill.com vendor with no matching M2M row.
Unmatched,Exact,US Bank,,00901ASFNAFSVQG8vd4d,,,,,Bill.com vendor with no matching M2M row.
Unmatched,Exact,Perry Johnson Registrars Inc,,00901MFLEFLPEMS8vd78,,,,,Bill.com vendor with no matching M2M row.
Unmatched,Exact,Brand 825 C-130,,00901ABPVDVLTLL8vd79,,,,,Bill.com vendor with no matching M2M row.
Unmatched,Exact,F15 TCP WWR,,00901MOGJVEQRCK8vd7a,,,,,Bill.com vendor with no matching M2M row.
Unmatched,Exact,BT Wire and Cable,,00901QBJFWYVYEI8vd7b,,,,,Bill.com vendor with no matching M2M row.
Unmatched,Exact,Greater Palm Bay,,00901FQRGQECYUT8vd7c,,,,,Bill.com vendor with no matching M2M row.
Unmatched,Exact,First Quality Forklift Training,,00901OGOAVVNPLQ8vd7g,,,,,Bill.com vendor with no matching M2M row.
Unmatched,Exact,Nelson's Tents and Events,,00901JBLYDXCDXV8vda7,,,,,Bill.com vendor with no matching M2M row.
Unmatched,Exact,Performance Powder Coating II,,00901FDTNEREAPY8vda8,,,,,Bill.com vendor with no matching M2M row.
Unmatched,Exact,West American Rubber Co.,,00901HMWUPFXIPU8vda9,,,,,Bill.com vendor with no matching M2M row.
Unmatched,Exact,CNN News,,00901VVORIUHIQO8vdaa,,,,,Bill.com vendor with no matching M2M row.
Unmatched,Exact,Hotel.com,,00901OKRTIOEZWV8vdab,,,,,Bill.com vendor with no matching M2M row.
Unmatched,Exact,Merpago,,00901XPCYRXSSDO8vdac,,,,,Bill.com vendor with no matching M2M row.
Unmatched,Exact,Kabtech Corp.*,,00901THSEVOYWSU8vdad,,,,,Bill.com vendor with no matching M2M row.
Unmatched,Exact,Priceline,,00901JWBQYNPUZR8vdae,,,,,Bill.com vendor with no matching M2M row.
Unmatched,Exact,FK Winter Garden,,00901THLJGXCEOZ8vdaf,,,,,Bill.com vendor with no matching M2M row.
Unmatched,Exact,Uber Freight,,00901YIAQPHUCBN8vdd4,,,,,Bill.com vendor with no matching M2M row.
Unmatched,Exact,Buffalo Hydraulic Supply,,00901BXELTVXTMP8vd14,,,,,Bill.com vendor with no matching M2M row.
Unmatched,Exact,Certified Slings & Supply,,00901PIVMCRVWGS8vd16,,,,,Bill.com vendor with no matching M2M row.
Unmatched,Exact,Dan's Saw & Tool,,00901SDPEAEYNTV8vd1c,,,,,Bill.com vendor with no matching M2M row.
Unmatched,Exact,Tom's Forklift Service,,00901RGXRIZKGPO8vd4f,,,,,Bill.com vendor with no matching M2M row.
Unmatched,Exact,Warco Biltrite,,00901WBSTFRBSPK8vd4g,,,,,Bill.com vendor with no matching M2M row.
Unmatched,Exact,Watson Electric,,00901WIVLYUBGHH8vd4h,,,,,Bill.com vendor with no matching M2M row.
Unmatched,Exact,WebFX,,00901TQDYQEVKWH8vd4i,,,,,Bill.com vendor with no matching M2M row.
Unmatched,Exact,Viana All Solutions,,00901OEDDVRVHLP8vd4l,,,,,Bill.com vendor with no matching M2M row.
Unmatched,Exact,"Viking Tool and Gage, Inc.",,00901TQJZENKQVV8vd4m,,,,,Bill.com vendor with no matching M2M row.
Unmatched,Exact,"VisiMark, Inc.",,00901TEUKJDWCTZ8vd4n,,,,,Bill.com vendor with no matching M2M row.
Unmatched,Exact,Vistaprint,,00901JYUSNLWKMK8vd4o,,,,,Bill.com vendor with no matching M2M row.
Unmatched,Exact,"International Configurations, Inc.",,00901WCDYUCYDBN8vd7h,,,,,Bill.com vendor with no matching M2M row.
Unmatched,Exact,Newegg,,00901VAAPAFNQGQ8vd7i,,,,,Bill.com vendor with no matching M2M row.
Unmatched,Exact,WifiOnBoard,,00901XFSBDFMTBM8vd7j,,,,,Bill.com vendor with no matching M2M row.
Unmatched,Exact,"Air Cleaning Specialist, Inc.",,00901RBYAQZWYYS8vd7k,,,,,Bill.com vendor with no matching M2M row.
Unmatched,Exact,Dave's Locksmith,,00901OAQKHNTKMX8vd7l,,,,,Bill.com vendor with no matching M2M row.
Unmatched,Exact,Zeffy FSMSDC,,00901MHVFGMGAPZ8vd7m,,,,,Bill.com vendor with no matching M2M row.
Unmatched,Exact,"Shutterstock, Inc.",,00901MGVXUAVKOB8vd7n,,,,,Bill.com vendor with no matching M2M row.
Unmatched,Exact,R & L Carriers,,00901GYINZUWPGD8vd7o,,,,,Bill.com vendor with no matching M2M row.
Unmatched,Exact,Marketri,,00901JLEXUJXEHB8vd7p,,,,,Bill.com vendor with no matching M2M row.
Unmatched,Exact,Andy's Garage,,00901UAYSELSKYM8vdah,,,,,Bill.com vendor with no matching M2M row.
Unmatched,Exact,BT Trick Tools,,00901FPSXILKLXP8vdaj,,,,,Bill.com vendor with no matching M2M row.
Unmatched,Exact,Central Parking System,,00901ECPAAAOZRP8vdak,,,,,Bill.com vendor with no matching M2M row.
Unmatched,Exact,Crown Awards,,00901YBFPTSQQNM8vdal,,,,,Bill.com vendor with no matching M2M row.
Unmatched,Exact,Florida Turnpike,,00901BJOWCUUMIO8vdam,,,,,Bill.com vendor with no matching M2M row.
Unmatched,Exact,LGA Cibo Express,,00901SEINDLHOZO8vdan,,,,,Bill.com vendor with no matching M2M row.
Unmatched,Exact,kimball digital,,00901ZGQYGLQCTC8vdap,,,,,Bill.com vendor with no matching M2M row.
Unmatched,Exact,FrieghtQuote.com,,00901HWKSJVCAMT8vdaq,,,,,Bill.com vendor with no matching M2M row.
Unmatched,Exact,Next Day Display,,00901OSCYSPJPJS8vdar,,,,,Bill.com vendor with no matching M2M row.
Unmatched,Exact,The AimPoint Group,,00901MCKRBOWQSV8vddc,,,,,Bill.com vendor with no matching M2M row.
Unmatched,Exact,PracticalTek,,00901XWTCGGYFVW8vddd,,,,,Bill.com vendor with no matching M2M row.
Unmatched,Exact,One Monroe,,00901UTAHSHJNGC8vddg,,,,,Bill.com vendor with no matching M2M row.
Unmatched,Exact,Randstad North America Inc,,00901HYBKZLHNNA8vddj,,,,,Bill.com vendor with no matching M2M row.
Unmatched,Exact,Commercial Group Lifting Products,,00901AWACPZWCGW8vd1e,,,,,Bill.com vendor with no matching M2M row.
Unmatched,Exact,"David M Cole, CPA",,00901GQKSMPQVEC8vd1f,,,,,Bill.com vendor with no matching M2M row.
Unmatched,Exact,Craters & Freighters,,00901BXKNLRBLKS8vd1g,,,,,Bill.com vendor with no matching M2M row.
Unmatched,Exact,Crawford Thomas LLC,,00901PTMWKDPNNU8vd1h,,,,,Bill.com vendor with no matching M2M row.
Unmatched,Exact,Deanco Building Solutions,,00901IANHOGSKOT8vd1i,,,,,Bill.com vendor with no matching M2M row.
Unmatched,Exact,Dela Technologies Corporation,,00901YKYMXRDXHX8vd1j,,,,,Bill.com vendor with no matching M2M row.
Unmatched,Exact,Elite Signs & Graphics,,00901UJCBFSLMEV8vd1k,,,,,Bill.com vendor with no matching M2M row.
Unmatched,Exact,Enterprise Rent a Car,,00901DPVKWNQOKF8vd1m,,,,,Bill.com vendor with no matching M2M row.
Unmatched,Exact,NCIG,,00901DPBQYCPVYH8vd4p,,,,,Bill.com vendor with no matching M2M row.
Unmatched,Exact,BT Image 3D Retro,,00901GOHGYADYUD8vd4q,,,,,Bill.com vendor with no matching M2M row.
Unmatched,Exact,National Tolls,,00901LNZILVDUYP8vd4s,,,,,Bill.com vendor with no matching M2M row.
Unmatched,Exact,Sea Air Space,,00901YODMLXKMWX8vd4t,,,,,Bill.com vendor with no matching M2M row.
Unmatched,Exact,"PreciseCal Services, Inc.",,00901CXIAPRUPGC8vd4v,,,,,Bill.com vendor with no matching M2M row.
Unmatched,Exact,NGIC,,00901PSORHQEYVS8vd4w,,,,,Bill.com vendor with no matching M2M row.
Unmatched,Exact,AP Spend Account,,00901FHUXXKNOZN8vd4x,,,,,Bill.com vendor with no matching M2M row.
Unmatched,Exact,Beaver Door,,00901OBRHHFUBEE8vd4y,,,,,Bill.com vendor with no matching M2M row.
Unmatched,Exact,Florida State Trading,,00901FLIFYPZIUS8vd4z,,,,,Bill.com vendor with no matching M2M row.
Unmatched,Exact,Arcbondmobile.com,,00901BXYRXXDSYR8vd7r,,,,,Bill.com vendor with no matching M2M row.
Unmatched,Exact,Samurai Steakhouse,,00901RWCJLMTHJS8vd7s,,,,,Bill.com vendor with no matching M2M row.
Unmatched,Exact,CM Life Safety Solutions,,00901YIZADCSXQX8vd7t,,,,,Bill.com vendor with no matching M2M row.
Unmatched,Exact,SP Rubberstamps.com,,00901WHVMIWGHCV8vd7u,,,,,Bill.com vendor with no matching M2M row.
Unmatched,Exact,GEICO,,00901PDHHATYVAF8vd7v,,,,,Bill.com vendor with no matching M2M row.
Unmatched,Exact,Crosslink Paints,,00901HBTVIJYIYD8vd7x,,,,,Bill.com vendor with no matching M2M row.
Unmatched,Exact,Cricut,,00901ROEEVTTENT8vd7y,,,,,Bill.com vendor with no matching M2M row.
Unmatched,Exact,Adobe Inc.,,00901GSAJTMDHGZ8vd7z,,,,,Bill.com vendor with no matching M2M row.
Unmatched,Exact,Encore Group,,00901FCOHHSFCYD8vd80,,,,,Bill.com vendor with no matching M2M row.
Unmatched,Exact,OpenAI,,00901QLSNAIGHXD8vdas,,,,,Bill.com vendor with no matching M2M row.
Unmatched,Exact,SP Maverick-Abrasive,,00901BEMEWOMNCT8vdav,,,,,Bill.com vendor with no matching M2M row.
Unmatched,Exact,SP The Rust Store,,00901DJWWLCGMPP8vdaw,,,,,Bill.com vendor with no matching M2M row.
Unmatched,Exact,Timacuan Golf Club,,00901VZYLXUOSBP8vdax,,,,,Bill.com vendor with no matching M2M row.
Unmatched,Exact,Florida Makes,,00901MTUCQAZRWG8vday,,,,,Bill.com vendor with no matching M2M row.
Unmatched,Exact,FloridaMakes,,00901TONOCNDJZK8vdaz,,,,,Bill.com vendor with no matching M2M row.
Unmatched,Exact,45 Transportation,,00901ILLREECOYM8vdb0,,,,,Bill.com vendor with no matching M2M row.
Unmatched,Exact,SP Siegmundusa,,00901FGYHAXGTSF8vdb1,,,,,Bill.com vendor with no matching M2M row.
Unmatched,Exact,Korn Ferry,,00901ACGTORMXIZ8vddr,,,,,Bill.com vendor with no matching M2M row.
Unmatched,Exact,Express Machine Tool Service,,00901NTFYOZTZGI8vd1o,,,,,Bill.com vendor with no matching M2M row.
Unmatched,Exact,Fabricators & Manufacturers Assn.,,00901RPCAUDBYXG8vd1p,,,,,Bill.com vendor with no matching M2M row.
Unmatched,Exact,FermiTron,,00901TBXXYLMZHO8vd1r,,,,,Bill.com vendor with no matching M2M row.
Unmatched,Exact,Fastsigns,,00901SAPNOVPPFE8vd1s,,,,,Bill.com vendor with no matching M2M row.
Unmatched,Exact,Forest City Companies,,00901UNGCHKDIRR8vd1v,,,,,Bill.com vendor with no matching M2M row.
Unmatched,Exact,Mod Displays,,00901AYTDDXFGGA8vd50,,,,,Bill.com vendor with no matching M2M row.
Unmatched,Exact,Visual Signs,,00901IKZUHFDGZH8vd51,,,,,Bill.com vendor with no matching M2M row.
Unmatched,Exact,United Trophy and Awards,,00901OQTWSBTJEV8vd52,,,,,Bill.com vendor with no matching M2M row.
Unmatched,Exact,PNC Bank Credit Card,,00901GFZQIXYLYO8vd54,,,,,Bill.com vendor with no matching M2M row.
Unmatched,Exact,Tucker Outdoor Services,,00901ZXSHWMNDNS8vd55,,,,,Bill.com vendor with no matching M2M row.
Unmatched,Exact,Colonial Life Insurance Premiums,,00901KHLBFHYSNJ8vd57,,,,,Bill.com vendor with no matching M2M row.
Unmatched,Exact,"Checkr, Inc.",,00901VKFGEBNRSY8vd58,,,,,Bill.com vendor with no matching M2M row.
Unmatched,Exact,"Aviator Gear, Inc.",,00901CWOHQOUVEO8vd81,,,,,Bill.com vendor with no matching M2M row.
Unmatched,Exact,Axe Signs Wayfinding,,00901SABRPYPAVO8vd85,,,,,Bill.com vendor with no matching M2M row.
Unmatched,Exact,"JSM Ten, LLC dba Craters & Freighters of Greater Orlando",,00901UOBJXCLOYL8vd86,,,,,Bill.com vendor with no matching M2M row.
Unmatched,Exact,Training.com,,00901HXEIJIPWUE8vd88,,,,,Bill.com vendor with no matching M2M row.
Unmatched,Exact,Clerk of Courts,,00901VGWHBVLARY8vd89,,,,,Bill.com vendor with no matching M2M row.
Unmatched,Exact,Digi-Key Electronics,,00901KXLKPZXPQX8vdb4,,,,,Bill.com vendor with no matching M2M row.
Unmatched,Exact,The Hartford - 16165551,,00901AVOOXZWKQN8vdb5,,,,,Bill.com vendor with no matching M2M row.
Unmatched,Exact,Industrial Tube & Steel,,00901LLVAKLTGPL8vdb6,,,,,Bill.com vendor with no matching M2M row.
Unmatched,Exact,Q1Media,,00901UEIVWGGFVV8vdba,,,,,Bill.com vendor with no matching M2M row.
Unmatched,Exact,Trifecta Media LLC,,00901FWHRZDURDE8vddx,,,,,Bill.com vendor with no matching M2M row.
Unmatched,Exact,"Ace Staffing, Inc",,00901TWXBEMFDJZ8vddy,,,,,Bill.com vendor with no matching M2M row.
Unmatched,Exact,Florida Motion & Control,,00901OWRFOWAXVO8vd1x,,,,,Bill.com vendor with no matching M2M row.
Unmatched,Exact,Govtribe.com,,00901YKRTIDNAFN8vd1z,,,,,Bill.com vendor with no matching M2M row.
Unmatched,Exact,"Ground-One Plumbing, Inc.",,00901URMQBWFZLI8vd23,,,,,Bill.com vendor with no matching M2M row.
Unmatched,Exact,Hobson Manufacturing,,00901PVHDZKCYTC8vd24,,,,,Bill.com vendor with no matching M2M row.
Unmatched,Exact,Holiday Inn,,00901KKBDONMHNR8vd25,,,,,Bill.com vendor with no matching M2M row.
Unmatched,Exact,American Express Travel,,00901UPGDNATXJP8vd59,,,,,Bill.com vendor with no matching M2M row.
Unmatched,Exact,Foundation for Seminole State College,,00901LREAHWJSQU8vd5a,,,,,Bill.com vendor with no matching M2M row.
Unmatched,Exact,NTS Technical Systems,,00901DOLSNIRHPK8vd5c,,,,,Bill.com vendor with no matching M2M row.
Unmatched,Exact,Mainstreethost,,00901OMZGQCJXCW8vd5e,,,,,Bill.com vendor with no matching M2M row.
Unmatched,Exact,Precise Cast Prototypes & Engineering,,00901VYHICRZQTJ8vd5f,,,,,Bill.com vendor with no matching M2M row.
Unmatched,Exact,Principal Life Insurance Company,,00901UNBYJQIFRN8vd5g,,,,,Bill.com vendor with no matching M2M row.
Unmatched,Exact,Department of State,,00901VEZPOTAFVA8vd8a,,,,,Bill.com vendor with no matching M2M row.
Unmatched,Exact,Apopka Area Chamber of Commerce,,00901DYQTSVKJEK8vd8b,,,,,Bill.com vendor with no matching M2M row.
Unmatched,Exact,The Concrete Edge Company,,00901NMDQSSBEEY8vd8c,,,,,Bill.com vendor with no matching M2M row.
Unmatched,Exact,DRI Uprinting,,00901GNYTZPZWFD8vd8d,,,,,Bill.com vendor with no matching M2M row.
Unmatched,Exact,GoTo,,00901OIWOUIJLYW8vd8e,,,,,Bill.com vendor with no matching M2M row.
Unmatched,Exact,Rainaldi Plumbing,,00901KBWCVLOFUO8vd8f,,,,,Bill.com vendor with no matching M2M row.
Unmatched,Exact,Pam Iorio Garage,,00901YPEQAPZJWQ8vd8g,,,,,Bill.com vendor with no matching M2M row.
Unmatched,Exact,IAAPA Expo,,00901SPJDAKGHHL8vd8i,,,,,Bill.com vendor with no matching M2M row.
Unmatched,Exact,Project Management,,00901NXHRVDTCHV8vd8j,,,,,Bill.com vendor with no matching M2M row.
Unmatched,Exact,Richard T. Martin P.E.,,00901UIGYYMMXOR8vdbf,,,,,Bill.com vendor with no matching M2M row.
Unmatched,Exact,Dynamic Non-Destructive Testing,,00901GREQOTAMEJ8vdbi,,,,,Bill.com vendor with no matching M2M row.
Unmatched,Exact,Earl M. Jorgesen Company,,00901UOVPGFLQPJ8vde1,,,,,Bill.com vendor with no matching M2M row.
Unmatched,Exact,The Hartford - 16165475,,00901QCXWSTCUOL8vde6,,,,,Bill.com vendor with no matching M2M row.
Unmatched,Exact,"Humana Health Plan, Inc.",,00901TGLRZVSLBK8vd27,,,,,Bill.com vendor with no matching M2M row.
Unmatched,Exact,IBC Coatings Technologies,,00901ZENLLIEUTP8vd29,,,,,Bill.com vendor with no matching M2M row.
Unmatched,Exact,Impress Ink,,00901NAMWJPBHNI8vd2a,,,,,Bill.com vendor with no matching M2M row.
Unmatched,Exact,Indeed,,00901JWRTGQOQYG8vd2b,,,,,Bill.com vendor with no matching M2M row.
Unmatched,Exact,GSA Contract,,00901JVOXPJZOWO8vd2c,,,,,Bill.com vendor with no matching M2M row.
Unmatched,Exact,Kinedyne Corp,,00901HZJSECWCIS8vd2e,,,,,Bill.com vendor with no matching M2M row.
Unmatched,Exact,"L & S Logistic Services, Inc.",,00901HVMINYNJCH8vd2f,,,,,Bill.com vendor with no matching M2M row.
